eval_id,eval_row_id,eval_model_label,llm_chess_player,eval_variant_label,mapping_status,review_status,confidence,provider_or_family,version_or_release_clue,reasoning_or_system_config,eval_reasoning_kind,eval_reasoning_effort,llm_chess_reasoning_kind,llm_chess_reasoning_effort,reasoning_rule_applied,evidence_refs,rationale,open_questions,reviewer
arc_agi_2,arc_agi_2:0000:gpt_5_5_pro_high,GPT-5.5 Pro (High),,GPT-5.5 Pro (High),unmatched,qa_passed,high,OpenAI,2026-04-23,,reasoning_or_configured,high,,,,arc_leaderboard_row; model_identity_review; llm_chess_inventory,No matching family/version exists in the current llm_chess inventory.,,published_mapping_review
arc_agi_2,arc_agi_2:0001:gpt_5_5_pro_xhigh,GPT-5.5 Pro (xHigh),,GPT-5.5 Pro (xHigh),unmatched,qa_passed,high,OpenAI,2026-04-23,,reasoning_or_configured,xhigh,,,,arc_leaderboard_row; model_identity_review; llm_chess_inventory,No matching family/version exists in the current llm_chess inventory.,,published_mapping_review
arc_agi_2,arc_agi_2:0002:gpt_5_5_low,GPT-5.5 (Low),,GPT-5.5 (Low),unmatched,qa_passed,high,OpenAI,2026-04-22,,reasoning_or_configured,low,,,,arc_leaderboard_row; model_identity_review; llm_chess_inventory,No matching family/version exists in the current llm_chess inventory.,,published_mapping_review
arc_agi_2,arc_agi_2:0003:gpt_5_5_medium,GPT-5.5 (Medium),,GPT-5.5 (Medium),unmatched,qa_passed,high,OpenAI,2026-04-22,,reasoning_or_configured,medium,,,,arc_leaderboard_row; model_identity_review; llm_chess_inventory,No matching family/version exists in the current llm_chess inventory.,,published_mapping_review
arc_agi_2,arc_agi_2:0004:gpt_5_5_high,GPT-5.5 (High),,GPT-5.5 (High),unmatched,qa_passed,high,OpenAI,2026-04-22,,reasoning_or_configured,high,,,,arc_leaderboard_row; model_identity_review; llm_chess_inventory,No matching family/version exists in the current llm_chess inventory.,,published_mapping_review
arc_agi_2,arc_agi_2:0005:gpt_5_5_xhigh,GPT-5.5 (xHigh),,GPT-5.5 (xHigh),unmatched,qa_passed,high,OpenAI,2026-04-22,,reasoning_or_configured,xhigh,,,,arc_leaderboard_row; model_identity_review; llm_chess_inventory,No matching family/version exists in the current llm_chess inventory.,,published_mapping_review
arc_agi_2,arc_agi_2:0006:claude_4_7_low,Claude 4.7 (Low),,Claude 4.7 (Low),unmatched,qa_passed,high,Anthropic,2026-04-16,,reasoning_or_configured,low,,,,arc_leaderboard_row; model_identity_review; llm_chess_inventory,No matching family/version exists in the current llm_chess inventory.,,published_mapping_review
arc_agi_2,arc_agi_2:0007:claude_4_7_medium,Claude 4.7 (Medium),,Claude 4.7 (Medium),unmatched,qa_passed,high,Anthropic,2026-04-16,,reasoning_or_configured,medium,,,,arc_leaderboard_row; model_identity_review; llm_chess_inventory,No matching family/version exists in the current llm_chess inventory.,,published_mapping_review
arc_agi_2,arc_agi_2:0008:claude_4_7_high,Claude 4.7 (High),,Claude 4.7 (High),unmatched,qa_passed,high,Anthropic,2026-04-16,,reasoning_or_configured,high,,,,arc_leaderboard_row; model_identity_review; llm_chess_inventory,No matching family/version exists in the current llm_chess inventory.,,published_mapping_review
arc_agi_2,arc_agi_2:0009:claude_4_7_max,Claude 4.7 (Max),,Claude 4.7 (Max),unmatched,qa_passed,high,Anthropic,2026-04-16,,reasoning_or_configured,max,,,,arc_leaderboard_row; model_identity_review; llm_chess_inventory,No matching family/version exists in the current llm_chess inventory.,,published_mapping_review
arc_agi_2,arc_agi_2:0010:gpt_5_4_mini_xhigh,GPT-5.4 Mini (xHigh),,GPT-5.4 Mini (xHigh),unmatched,qa_passed,high,OpenAI,2026-03-17,,reasoning_or_configured,xhigh,,,,arc_leaderboard_row; model_identity_review; llm_chess_inventory,Only the High mini tier exists in the current llm_chess inventory.,,published_mapping_review
arc_agi_2,arc_agi_2:0011:gpt_5_4_mini_high,GPT-5.4 Mini (High),gpt-5.4-mini-high,GPT-5.4 Mini (High),accepted,qa_passed,high,OpenAI,2026-03-17,,reasoning_or_configured,high,reasoning,high,,arc_leaderboard_row; model_identity_review; llm_chess_inventory,Exact llm_chess tier id exists.,,published_mapping_review
arc_agi_2,arc_agi_2:0012:gpt_5_4_mini_medium,GPT-5.4 Mini (Medium),,GPT-5.4 Mini (Medium),unmatched,qa_passed,high,OpenAI,2026-03-17,,reasoning_or_configured,medium,,,,arc_leaderboard_row; model_identity_review; llm_chess_inventory,Only the High mini tier exists in the current llm_chess inventory.,,published_mapping_review
arc_agi_2,arc_agi_2:0013:gpt_5_4_mini_low,GPT-5.4 Mini (Low),,GPT-5.4 Mini (Low),unmatched,qa_passed,high,OpenAI,2026-03-17,,reasoning_or_configured,low,,,,arc_leaderboard_row; model_identity_review; llm_chess_inventory,Only the High mini tier exists in the current llm_chess inventory.,,published_mapping_review
arc_agi_2,arc_agi_2:0014:gpt_5_4_nano_xhigh,GPT-5.4 Nano (xHigh),,GPT-5.4 Nano (xHigh),unmatched,qa_passed,high,OpenAI,2026-03-17,,reasoning_or_configured,xhigh,,,,arc_leaderboard_row; model_identity_review; llm_chess_inventory,Only the High nano tier exists in the current llm_chess inventory.,,published_mapping_review
arc_agi_2,arc_agi_2:0015:gpt_5_4_nano_high,GPT-5.4 Nano (High),gpt-5.4-nano-high,GPT-5.4 Nano (High),accepted,qa_passed,high,OpenAI,2026-03-17,,reasoning_or_configured,high,reasoning,high,,arc_leaderboard_row; model_identity_review; llm_chess_inventory,Exact llm_chess tier id exists.,,published_mapping_review
arc_agi_2,arc_agi_2:0016:gpt_5_4_nano_medium,GPT-5.4 Nano (Medium),,GPT-5.4 Nano (Medium),unmatched,qa_passed,high,OpenAI,2026-03-17,,reasoning_or_configured,medium,,,,arc_leaderboard_row; model_identity_review; llm_chess_inventory,Only the High nano tier exists in the current llm_chess inventory.,,published_mapping_review
arc_agi_2,arc_agi_2:0017:gpt_5_4_nano_low,GPT-5.4 Nano (Low),,GPT-5.4 Nano (Low),unmatched,qa_passed,high,OpenAI,2026-03-17,,reasoning_or_configured,low,,,,arc_leaderboard_row; model_identity_review; llm_chess_inventory,Only the High nano tier exists in the current llm_chess inventory.,,published_mapping_review
arc_agi_2,arc_agi_2:0018:grok_4_20_reasoning,Grok 4.20 (Reasoning),grok-4-20-reasoning,Grok 4.20 (Reasoning),alias,qa_passed,high,xAI,2026-03-09,,reasoning_or_configured,,reasoning,,,arc_leaderboard_row; model_identity_review; llm_chess_inventory,Surface-form alias of an existing llm_chess player id.,,published_mapping_review
arc_agi_2,arc_agi_2:0019:grok_4_20_beta_reasoning,Grok 4.20 (Beta Reasoning),,Grok 4.20 (Beta Reasoning),ambiguous,qa_passed,low,xAI,2026-03-05,,reasoning_or_configured,,,,,arc_leaderboard_row; model_identity_review; llm_chess_inventory,Beta variant is not represented exactly in the current llm_chess inventory.,Needs stronger source evidence before collapsing variants.,published_mapping_review
arc_agi_2,arc_agi_2:0020:gpt_5_4_high,GPT-5.4 (High),gpt-5.4-high,GPT-5.4 (High),accepted,qa_passed,high,OpenAI,2026-03-05,,reasoning_or_configured,high,reasoning,high,,arc_leaderboard_row; model_identity_review; llm_chess_inventory,Exact llm_chess tier id exists.,,published_mapping_review
arc_agi_2,arc_agi_2:0021:gemini_3_1_pro_preview,Gemini 3.1 Pro (Preview),gemini-3.1-pro-preview,Gemini 3.1 Pro (Preview),alias,qa_passed,high,Google,2026-03-05,,unknown,,reasoning,,,arc_leaderboard_row; model_identity_review; llm_chess_inventory,Surface-form alias of an existing llm_chess player id.,,published_mapping_review
arc_agi_2,arc_agi_2:0022:gpt_5_4_low,GPT-5.4 (Low),gpt-5.4-low,GPT-5.4 (Low),accepted,qa_passed,high,OpenAI,2026-03-04,,reasoning_or_configured,low,reasoning,low,,arc_leaderboard_row; model_identity_review; llm_chess_inventory,Exact llm_chess tier id exists.,,published_mapping_review
arc_agi_2,arc_agi_2:0023:gpt_5_4_medium,GPT-5.4 (Medium),gpt-5.4-medium,GPT-5.4 (Medium),accepted,qa_passed,high,OpenAI,2026-03-04,,reasoning_or_configured,medium,reasoning,medium,,arc_leaderboard_row; model_identity_review; llm_chess_inventory,Exact llm_chess tier id exists.,,published_mapping_review
arc_agi_2,arc_agi_2:0024:gpt_5_4_high,GPT-5.4 (High),gpt-5.4-high,GPT-5.4 (High),accepted,qa_passed,high,OpenAI,2026-03-04,,reasoning_or_configured,high,reasoning,high,,arc_leaderboard_row; model_identity_review; llm_chess_inventory,Exact llm_chess tier id exists.,,published_mapping_review
arc_agi_2,arc_agi_2:0025:gpt_5_4_xhigh,GPT-5.4 (xHigh),,GPT-5.4 (xHigh),unmatched,qa_passed,high,OpenAI,2026-03-04,,reasoning_or_configured,xhigh,,,,arc_leaderboard_row; model_identity_review; llm_chess_inventory,xHigh tier is not represented in the current llm_chess inventory.,,published_mapping_review
arc_agi_2,arc_agi_2:0026:gpt_5_4_pro_xhigh,GPT-5.4 Pro (xHigh),,GPT-5.4 Pro (xHigh),ambiguous,qa_passed,low,OpenAI,2026-03-04,,reasoning_or_configured,xhigh,,,,arc_leaderboard_row; model_identity_review; llm_chess_inventory,The Pro axis is not represented in llm_chess and should not be collapsed onto plain GPT-5.4.,Needs stronger source evidence before collapsing variants.,published_mapping_review
arc_agi_2,arc_agi_2:0027:glm_5,GLM-5,zai.glm-5,GLM-5,alias,qa_passed,high,Z.ai,2026-02-20,,unknown,,reasoning,,,arc_leaderboard_row; model_identity_review; llm_chess_inventory,Provider-prefixed llm_chess alias exists.,,published_mapping_review
arc_agi_2,arc_agi_2:0028:gemini_3_1_pro_preview,Gemini 3.1 Pro (Preview),gemini-3.1-pro-preview,Gemini 3.1 Pro (Preview),alias,qa_passed,high,Google,2026-02-19,,unknown,,reasoning,,,arc_leaderboard_row; model_identity_review; llm_chess_inventory,Surface-form alias of an existing llm_chess player id.,,published_mapping_review
arc_agi_2,arc_agi_2:0029:claude_sonnet_4_6_max,Claude Sonnet 4.6 (Max),,Claude Sonnet 4.6 (Max),ambiguous,qa_passed,low,Anthropic,2026-02-17,,reasoning_or_configured,max,,,,arc_leaderboard_row; model_identity_review; llm_chess_inventory,Max configuration is not represented in the current llm_chess inventory.,Needs stronger source evidence before collapsing variants.,published_mapping_review
arc_agi_2,arc_agi_2:0030:claude_sonnet_4_6_high,Claude Sonnet 4.6 (High),claude-sonnet-4-6_thinking-high,Claude Sonnet 4.6 (High),variant-compatible,qa_passed,medium,Anthropic,2026-02-17,,reasoning_or_configured,high,reasoning,high,,arc_leaderboard_row; model_identity_review; llm_chess_inventory,"Same family and effort intent, but benchmark label omits the thinking suffix used in llm_chess.",,published_mapping_review
arc_agi_2,arc_agi_2:0031:gemini_3_deep_think_preview_2,Gemini 3 Deep Think (Preview) ²,,Gemini 3 Deep Think (Preview) ²,ambiguous,qa_passed,low,Google,2026-02-12,,reasoning_or_configured,,,,,arc_leaderboard_row; model_identity_review; llm_chess_inventory,Deep Think is a separate reasoning setup and has no exact llm_chess row.,Needs stronger source evidence before collapsing variants.,published_mapping_review
arc_agi_2,arc_agi_2:0032:gemini_3_deep_think_2_26,Gemini 3 Deep Think (2/26),,Gemini 3 Deep Think (2/26),ambiguous,qa_passed,low,Google,2026-02-12,,reasoning_or_configured,,,,,arc_leaderboard_row; model_identity_review; llm_chess_inventory,Deep Think is a separate reasoning setup and has no exact llm_chess row.,Needs stronger source evidence before collapsing variants.,published_mapping_review
arc_agi_2,arc_agi_2:0033:minimax_m2_5,Minimax M2.5,minimax.minimax-m2.5,Minimax M2.5,alias,qa_passed,high,Minimax,2026-02-12,,reasoning_or_configured,max,not_reasoning,max,,arc_leaderboard_row; model_identity_review; llm_chess_inventory,Provider-prefixed llm_chess alias exists.,,published_mapping_review
arc_agi_2,arc_agi_2:0034:claude_opus_4_6_120k_low,Claude Opus 4.6 (120K - Low),,Claude Opus 4.6 (120K - Low),ambiguous,qa_passed,low,Anthropic,2026-02-05,,reasoning_or_configured,low,,,,arc_leaderboard_row; model_identity_review; llm_chess_inventory,The 120K context/config axis is not represented in llm_chess.,Needs stronger source evidence before collapsing variants.,published_mapping_review
arc_agi_2,arc_agi_2:0035:claude_opus_4_6_120k_medium,Claude Opus 4.6 (120K - Medium),,Claude Opus 4.6 (120K - Medium),ambiguous,qa_passed,low,Anthropic,2026-02-05,,reasoning_or_configured,medium,,,,arc_leaderboard_row; model_identity_review; llm_chess_inventory,The 120K context/config axis is not represented in llm_chess.,Needs stronger source evidence before collapsing variants.,published_mapping_review
arc_agi_2,arc_agi_2:0036:claude_opus_4_6_120k_high,Claude Opus 4.6 (120K - High),,Claude Opus 4.6 (120K - High),ambiguous,qa_passed,low,Anthropic,2026-02-05,,reasoning_or_configured,high,,,,arc_leaderboard_row; model_identity_review; llm_chess_inventory,The 120K context/config axis is not represented in llm_chess.,Needs stronger source evidence before collapsing variants.,published_mapping_review
arc_agi_2,arc_agi_2:0037:claude_opus_4_6_120k_max,Claude Opus 4.6 (120K - Max),,Claude Opus 4.6 (120K - Max),ambiguous,qa_passed,low,Anthropic,2026-02-05,,reasoning_or_configured,max,,,,arc_leaderboard_row; model_identity_review; llm_chess_inventory,The 120K context/config axis is not represented in llm_chess.,Needs stronger source evidence before collapsing variants.,published_mapping_review
arc_agi_2,arc_agi_2:0038:gpt_5_2_refine,GPT-5.2 (Refine.),,GPT-5.2 (Refine.),ambiguous,qa_passed,low,Johan Land,2026-02-03,,reasoning_or_configured,,,,,arc_leaderboard_row; model_identity_review; llm_chess_inventory,Refine. is a benchmark system/config rather than a plain llm_chess player id.,Needs stronger source evidence before collapsing variants.,published_mapping_review
arc_agi_2,arc_agi_2:0039:kimi_k2_5,Kimi K2.5,kimi-k2.5,Kimi K2.5,alias,qa_passed,high,Moonshot AI,2026-01-27,,unknown,,reasoning,,,arc_leaderboard_row; model_identity_review; llm_chess_inventory,Surface-form alias of an existing llm_chess player id.,,published_mapping_review
arc_agi_2,arc_agi_2:0040:gemini_3_flash_preview_minimal,Gemini 3 Flash Preview (Minimal),gemini-3-flash-preview,Gemini 3 Flash Preview (Minimal),variant-compatible,qa_passed,medium,Google,2025-12-17,,unknown,minimal,reasoning,,,arc_leaderboard_row; model_identity_review; llm_chess_inventory,"Same family exists, but ARC effort tier is benchmark-specific.",,published_mapping_review
arc_agi_2,arc_agi_2:0041:gemini_3_flash_preview_low,Gemini 3 Flash Preview (Low),gemini-3-flash-preview,Gemini 3 Flash Preview (Low),variant-compatible,qa_passed,medium,Google,2025-12-17,,reasoning_or_configured,low,reasoning,,,arc_leaderboard_row; model_identity_review; llm_chess_inventory,"Same family exists, but ARC effort tier is benchmark-specific.",,published_mapping_review
arc_agi_2,arc_agi_2:0042:gemini_3_flash_preview_medium,Gemini 3 Flash Preview (Medium),gemini-3-flash-preview,Gemini 3 Flash Preview (Medium),variant-compatible,qa_passed,medium,Google,2025-12-17,,reasoning_or_configured,medium,reasoning,,,arc_leaderboard_row; model_identity_review; llm_chess_inventory,"Same family exists, but ARC effort tier is benchmark-specific.",,published_mapping_review
arc_agi_2,arc_agi_2:0043:gemini_3_flash_preview_high,Gemini 3 Flash Preview (High),gemini-3-flash-preview,Gemini 3 Flash Preview (High),variant-compatible,qa_passed,medium,Google,2025-12-17,,reasoning_or_configured,high,reasoning,,,arc_leaderboard_row; model_identity_review; llm_chess_inventory,"Same family exists, but ARC effort tier is benchmark-specific.",,published_mapping_review
arc_agi_2,arc_agi_2:0044:anthropic_opus_4_6_max,Anthropic Opus 4.6 (Max),,Anthropic Opus 4.6 (Max),ambiguous,qa_passed,low,Anthropic,2025-12-17,,reasoning_or_configured,max,,,,arc_leaderboard_row; model_identity_review; llm_chess_inventory,The Max configuration is not represented exactly in the current llm_chess inventory.,Needs stronger source evidence before collapsing variants.,published_mapping_review
arc_agi_2,arc_agi_2:0045:gpt_5_2,GPT-5.2,,GPT-5.2,ambiguous,qa_passed,low,OpenAI,2025-12-11,,unknown,,,,,arc_leaderboard_row; model_identity_review; llm_chess_inventory,The base label is under-specified against chat and tiered variants in llm_chess.,Needs stronger source evidence before collapsing variants.,published_mapping_review
arc_agi_2,arc_agi_2:0046:gpt_5_2_low,GPT-5.2 (Low),gpt-5.2-low,GPT-5.2 (Low),accepted,qa_passed,high,OpenAI,2025-12-11,,reasoning_or_configured,low,reasoning,low,,arc_leaderboard_row; model_identity_review; llm_chess_inventory,Exact llm_chess tier id exists.,,published_mapping_review
arc_agi_2,arc_agi_2:0047:gpt_5_2_medium,GPT-5.2 (Medium),gpt-5.2-medium,GPT-5.2 (Medium),accepted,qa_passed,high,OpenAI,2025-12-11,,reasoning_or_configured,medium,reasoning,medium,,arc_leaderboard_row; model_identity_review; llm_chess_inventory,Exact llm_chess tier id exists.,,published_mapping_review
arc_agi_2,arc_agi_2:0048:gpt_5_2_high,GPT-5.2 (High),gpt-5.2-high,GPT-5.2 (High),accepted,qa_passed,high,OpenAI,2025-12-11,,reasoning_or_configured,high,reasoning,high,,arc_leaderboard_row; model_identity_review; llm_chess_inventory,Exact llm_chess tier id exists.,,published_mapping_review
arc_agi_2,arc_agi_2:0049:gpt_5_2_xhigh,GPT-5.2 (xHigh),,GPT-5.2 (xHigh),unmatched,qa_passed,high,OpenAI,2025-12-11,,reasoning_or_configured,xhigh,,,,arc_leaderboard_row; model_identity_review; llm_chess_inventory,xHigh tier is not represented in the current llm_chess inventory.,,published_mapping_review
arc_agi_2,arc_agi_2:0050:gpt_5_2_pro_medium,GPT-5.2 Pro (Medium),,GPT-5.2 Pro (Medium),ambiguous,qa_passed,low,OpenAI,2025-12-11,,reasoning_or_configured,medium,,,,arc_leaderboard_row; model_identity_review; llm_chess_inventory,The Pro axis is not represented in llm_chess.,Needs stronger source evidence before collapsing variants.,published_mapping_review
arc_agi_2,arc_agi_2:0051:gpt_5_2_pro_high,GPT-5.2 Pro (High),,GPT-5.2 Pro (High),ambiguous,qa_passed,low,OpenAI,2025-12-11,,reasoning_or_configured,high,,,,arc_leaderboard_row; model_identity_review; llm_chess_inventory,The Pro axis is not represented in llm_chess.,Needs stronger source evidence before collapsing variants.,published_mapping_review
arc_agi_2,arc_agi_2:0052:gpt_5_2_pro_xhigh,GPT-5.2 Pro (xHigh),,GPT-5.2 Pro (xHigh),ambiguous,qa_passed,low,OpenAI,2025-12-11,,reasoning_or_configured,xhigh,,,,arc_leaderboard_row; model_identity_review; llm_chess_inventory,The Pro and xHigh axes are not represented in llm_chess.,Needs stronger source evidence before collapsing variants.,published_mapping_review
arc_agi_2,arc_agi_2:0053:gemini_3_pro_refine,Gemini 3 Pro (Refine.),,Gemini 3 Pro (Refine.),ambiguous,qa_passed,low,Poetiq,2025-12-04,,reasoning_or_configured,,,,,arc_leaderboard_row; model_identity_review; llm_chess_inventory,Refine. is a benchmark system/config rather than a plain llm_chess player id.,Needs stronger source evidence before collapsing variants.,published_mapping_review
arc_agi_2,arc_agi_2:0054:deepseek_v3_2,Deepseek V3.2,deepseek-V3.2_non-reasoning,Deepseek V3.2,alias,qa_passed,high,Deepseek,2025-12-01,,unknown,,not_reasoning,,,arc_leaderboard_row; model_identity_review; llm_chess_inventory,Current llm_chess inventory has the non-reasoning DeepSeek V3.2 row.,,published_mapping_review
arc_agi_2,arc_agi_2:0055:opus_4_5_thinking_none,Opus 4.5 (Thinking - None),claude-opus-4-5,Opus 4.5 (Thinking - None),variant-compatible,qa_passed,medium,Anthropic,2025-11-24,,reasoning_or_configured,none,not_reasoning,,,arc_leaderboard_row; model_identity_review; llm_chess_inventory,ARC explicitly marks no thinking; llm_chess stores the base row separately.,,published_mapping_review
arc_agi_2,arc_agi_2:0056:opus_4_5_thinking_1k,Opus 4.5 (Thinking - 1K),,Opus 4.5 (Thinking - 1K),ambiguous,qa_passed,low,Anthropic,2025-11-24,,reasoning_or_configured,1k,,,,arc_leaderboard_row; model_identity_review; llm_chess_inventory,Thinking budget does not match a unique llm_chess row.,Needs stronger source evidence before collapsing variants.,published_mapping_review
arc_agi_2,arc_agi_2:0057:opus_4_5_thinking_8k,Opus 4.5 (Thinking - 8K),,Opus 4.5 (Thinking - 8K),ambiguous,qa_passed,low,Anthropic,2025-11-24,,reasoning_or_configured,8k,,,,arc_leaderboard_row; model_identity_review; llm_chess_inventory,Thinking budget does not match a unique llm_chess row.,Needs stronger source evidence before collapsing variants.,published_mapping_review
arc_agi_2,arc_agi_2:0058:opus_4_5_thinking_16k,Opus 4.5 (Thinking - 16K),,Opus 4.5 (Thinking - 16K),ambiguous,qa_passed,low,Anthropic,2025-11-24,,reasoning_or_configured,16k,,,,arc_leaderboard_row; model_identity_review; llm_chess_inventory,Two plausible 16K llm_chess rows exist; keep ambiguous until evidence resolves the dated variant.,Needs stronger source evidence before collapsing variants.,published_mapping_review
arc_agi_2,arc_agi_2:0059:opus_4_5_thinking_32k,Opus 4.5 (Thinking - 32K),,Opus 4.5 (Thinking - 32K),ambiguous,qa_passed,low,Anthropic,2025-11-24,,reasoning_or_configured,32k,,,,arc_leaderboard_row; model_identity_review; llm_chess_inventory,Thinking budget is not represented exactly in llm_chess.,Needs stronger source evidence before collapsing variants.,published_mapping_review
arc_agi_2,arc_agi_2:0060:opus_4_5_thinking_64k,Opus 4.5 (Thinking - 64K),,Opus 4.5 (Thinking - 64K),ambiguous,qa_passed,low,Anthropic,2025-11-24,,reasoning_or_configured,64k,,,,arc_leaderboard_row; model_identity_review; llm_chess_inventory,Thinking budget is not represented exactly in llm_chess.,Needs stronger source evidence before collapsing variants.,published_mapping_review
arc_agi_2,arc_agi_2:0061:gemini_3_pro,Gemini 3 Pro,gemini-3-pro-preview,Gemini 3 Pro,variant-compatible,qa_passed,medium,Google,2025-11-18,,unknown,,reasoning,,,arc_leaderboard_row; model_identity_review; llm_chess_inventory,"Same family exists, but preview/config axis is not explicit in ARC label.",,published_mapping_review
arc_agi_2,arc_agi_2:0062:gpt_5_1_thinking_none,GPT-5.1 (Thinking - None),gpt-5.1-chat,GPT-5.1 (Thinking - None),variant-compatible,qa_passed,medium,OpenAI,2025-11-13,,reasoning_or_configured,none,not_reasoning,,,arc_leaderboard_row; model_identity_review; llm_chess_inventory,ARC marks no thinking; llm_chess stores the base/chat row separately.,,published_mapping_review
arc_agi_2,arc_agi_2:0063:gpt_5_1_thinking_low,GPT-5.1 (Thinking - Low),gpt-5.1-low,GPT-5.1 (Thinking - Low),alias,qa_passed,high,OpenAI,2025-11-13,,reasoning_or_configured,low,reasoning,low,,arc_leaderboard_row; model_identity_review; llm_chess_inventory,Tiered llm_chess reasoning row exists.,,published_mapping_review
arc_agi_2,arc_agi_2:0064:gpt_5_1_thinking_medium,GPT-5.1 (Thinking - Medium),gpt-5.1-medium,GPT-5.1 (Thinking - Medium),alias,qa_passed,high,OpenAI,2025-11-13,,reasoning_or_configured,medium,reasoning,medium,,arc_leaderboard_row; model_identity_review; llm_chess_inventory,Tiered llm_chess reasoning row exists.,,published_mapping_review
arc_agi_2,arc_agi_2:0065:gpt_5_1_thinking_high,GPT-5.1 (Thinking - High),gpt-5.1-high,GPT-5.1 (Thinking - High),alias,qa_passed,high,OpenAI,2025-11-13,,reasoning_or_configured,high,reasoning,high,,arc_leaderboard_row; model_identity_review; llm_chess_inventory,Tiered llm_chess reasoning row exists.,,published_mapping_review
arc_agi_2,arc_agi_2:0066:grok_4_fast_reasoning,Grok 4 (Fast Reasoning),grok-4-fast-reasoning,Grok 4 (Fast Reasoning),alias,qa_passed,high,xAI,2025-10-21,,reasoning_or_configured,,reasoning,,,arc_leaderboard_row; model_identity_review; llm_chess_inventory,Surface-form alias of an existing llm_chess player id.,,published_mapping_review
arc_agi_2,arc_agi_2:0067:tiny_recursion_model_trm,Tiny Recursion Model (TRM),,Tiny Recursion Model (TRM),excluded,qa_passed,high,Bespoke,2025-10-07,,unknown,,,,,arc_leaderboard_row; model_identity_review; llm_chess_inventory,"Research/system baseline, not a mapped llm_chess model row.",,published_mapping_review
arc_agi_2,arc_agi_2:0068:gpt_5_pro,GPT-5 Pro,,GPT-5 Pro,unmatched,qa_passed,high,OpenAI,2025-10-06,,unknown,,,,,arc_leaderboard_row; model_identity_review; llm_chess_inventory,Pro tier is not represented in the current llm_chess inventory.,,published_mapping_review
arc_agi_2,arc_agi_2:0069:claude_haiku_4_5,Claude Haiku 4.5,claude-haiku-4-5,Claude Haiku 4.5,alias,qa_passed,high,Anthropic,2025-10-01,,unknown,,not_reasoning,,,arc_leaderboard_row; model_identity_review; llm_chess_inventory,Exact family row exists in llm_chess.,,published_mapping_review
arc_agi_2,arc_agi_2:0070:claude_haiku_4_5_thinking_1k,Claude Haiku 4.5 (Thinking 1K),,Claude Haiku 4.5 (Thinking 1K),ambiguous,qa_passed,low,Anthropic,2025-10-01,,reasoning_or_configured,1k,,,,arc_leaderboard_row; model_identity_review; llm_chess_inventory,Thinking budget is not represented exactly in llm_chess.,Needs stronger source evidence before collapsing variants.,published_mapping_review
arc_agi_2,arc_agi_2:0071:claude_haiku_4_5_thinking_8k,Claude Haiku 4.5 (Thinking 8K),,Claude Haiku 4.5 (Thinking 8K),ambiguous,qa_passed,low,Anthropic,2025-10-01,,reasoning_or_configured,8k,,,,arc_leaderboard_row; model_identity_review; llm_chess_inventory,Thinking budget is not represented exactly in llm_chess.,Needs stronger source evidence before collapsing variants.,published_mapping_review
arc_agi_2,arc_agi_2:0072:claude_haiku_4_5_thinking_16k,Claude Haiku 4.5 (Thinking 16K),claude-haiku-4-5_thinking_16000,Claude Haiku 4.5 (Thinking 16K),alias,qa_passed,high,Anthropic,2025-10-01,,reasoning_or_configured,16k,reasoning,thinking_16000,,arc_leaderboard_row; model_identity_review; llm_chess_inventory,16K thinking row exists in llm_chess.,,published_mapping_review
arc_agi_2,arc_agi_2:0073:claude_haiku_4_5_thinking_32k,Claude Haiku 4.5 (Thinking 32K),,Claude Haiku 4.5 (Thinking 32K),ambiguous,qa_passed,low,Anthropic,2025-10-01,,reasoning_or_configured,32k,,,,arc_leaderboard_row; model_identity_review; llm_chess_inventory,Thinking budget is not represented exactly in llm_chess.,Needs stronger source evidence before collapsing variants.,published_mapping_review
arc_agi_2,arc_agi_2:0074:claude_sonnet_4_5,Claude Sonnet 4.5,claude-sonnet-4-5,Claude Sonnet 4.5,alias,qa_passed,high,Anthropic,2025-09-29,,unknown,,not_reasoning,,,arc_leaderboard_row; model_identity_review; llm_chess_inventory,Exact family row exists in llm_chess.,,published_mapping_review
arc_agi_2,arc_agi_2:0075:claude_sonnet_4_5_thinking_1k,Claude Sonnet 4.5 (Thinking 1K),,Claude Sonnet 4.5 (Thinking 1K),ambiguous,qa_passed,low,Anthropic,2025-09-29,,reasoning_or_configured,1k,,,,arc_leaderboard_row; model_identity_review; llm_chess_inventory,Thinking budget is not represented exactly in llm_chess.,Needs stronger source evidence before collapsing variants.,published_mapping_review
arc_agi_2,arc_agi_2:0076:claude_sonnet_4_5_thinking_8k,Claude Sonnet 4.5 (Thinking 8K),,Claude Sonnet 4.5 (Thinking 8K),ambiguous,qa_passed,low,Anthropic,2025-09-29,,reasoning_or_configured,8k,,,,arc_leaderboard_row; model_identity_review; llm_chess_inventory,Thinking budget is not represented exactly in llm_chess.,Needs stronger source evidence before collapsing variants.,published_mapping_review
arc_agi_2,arc_agi_2:0077:claude_sonnet_4_5_thinking_16k,Claude Sonnet 4.5 (Thinking 16K),claude-sonnet-4-5_thinking_16000,Claude Sonnet 4.5 (Thinking 16K),alias,qa_passed,high,Anthropic,2025-09-29,,reasoning_or_configured,16k,reasoning,thinking_16000,,arc_leaderboard_row; model_identity_review; llm_chess_inventory,16K thinking row exists in llm_chess.,,published_mapping_review
arc_agi_2,arc_agi_2:0078:claude_sonnet_4_5_thinking_32k,Claude Sonnet 4.5 (Thinking 32K),,Claude Sonnet 4.5 (Thinking 32K),ambiguous,qa_passed,low,Anthropic,2025-09-29,,reasoning_or_configured,32k,,,,arc_leaderboard_row; model_identity_review; llm_chess_inventory,Thinking budget is not represented exactly in llm_chess.,Needs stronger source evidence before collapsing variants.,published_mapping_review
arc_agi_2,arc_agi_2:0079:gpt_5_high,GPT-5 (High),gpt-5-high,GPT-5 (High),alias,qa_passed,high,OpenAI,2025-08-07,,reasoning_or_configured,high,reasoning,high,,arc_leaderboard_row; model_identity_review; llm_chess_inventory,Exact tiered llm_chess row exists.,,published_mapping_review
arc_agi_2,arc_agi_2:0080:gpt_5_medium,GPT-5 (Medium),gpt-5-medium,GPT-5 (Medium),alias,qa_passed,high,OpenAI,2025-08-07,,reasoning_or_configured,medium,reasoning,medium,,arc_leaderboard_row; model_identity_review; llm_chess_inventory,Exact tiered llm_chess row exists.,,published_mapping_review
arc_agi_2,arc_agi_2:0081:gpt_5_low,GPT-5 (Low),gpt-5-low,GPT-5 (Low),alias,qa_passed,high,OpenAI,2025-08-07,,reasoning_or_configured,low,reasoning,low,,arc_leaderboard_row; model_identity_review; llm_chess_inventory,Exact tiered llm_chess row exists.,,published_mapping_review
arc_agi_2,arc_agi_2:0082:gpt_5_minimal,GPT-5 (Minimal),,GPT-5 (Minimal),unmatched,qa_passed,high,OpenAI,2025-08-07,,unknown,minimal,,,,arc_leaderboard_row; model_identity_review; llm_chess_inventory,Minimal tier is not represented in the current llm_chess inventory.,,published_mapping_review
arc_agi_2,arc_agi_2:0083:gpt_5_mini_high,GPT-5 Mini (High),gpt-5-mini-high,GPT-5 Mini (High),alias,qa_passed,high,OpenAI,2025-08-07,,reasoning_or_configured,high,reasoning,high,,arc_leaderboard_row; model_identity_review; llm_chess_inventory,Exact tiered llm_chess row exists.,,published_mapping_review
arc_agi_2,arc_agi_2:0084:gpt_5_mini_medium,GPT-5 Mini (Medium),gpt-5-mini-medium,GPT-5 Mini (Medium),alias,qa_passed,high,OpenAI,2025-08-07,,reasoning_or_configured,medium,reasoning,medium,,arc_leaderboard_row; model_identity_review; llm_chess_inventory,Exact tiered llm_chess row exists.,,published_mapping_review
arc_agi_2,arc_agi_2:0085:gpt_5_mini_low,GPT-5 Mini (Low),gpt-5-mini-low,GPT-5 Mini (Low),alias,qa_passed,high,OpenAI,2025-08-07,,reasoning_or_configured,low,reasoning,low,,arc_leaderboard_row; model_identity_review; llm_chess_inventory,Exact tiered llm_chess row exists.,,published_mapping_review
arc_agi_2,arc_agi_2:0086:gpt_5_mini_minimal,GPT-5 Mini (Minimal),,GPT-5 Mini (Minimal),unmatched,qa_passed,high,OpenAI,2025-08-07,,unknown,minimal,,,,arc_leaderboard_row; model_identity_review; llm_chess_inventory,Minimal tier is not represented in the current llm_chess inventory.,,published_mapping_review
arc_agi_2,arc_agi_2:0087:gpt_5_nano_high,GPT-5 Nano (High),gpt-5-nano-high,GPT-5 Nano (High),alias,qa_passed,high,OpenAI,2025-08-07,,reasoning_or_configured,high,reasoning,high,,arc_leaderboard_row; model_identity_review; llm_chess_inventory,Exact tiered llm_chess row exists.,,published_mapping_review
arc_agi_2,arc_agi_2:0088:gpt_5_nano_medium,GPT-5 Nano (Medium),gpt-5-nano-medium,GPT-5 Nano (Medium),alias,qa_passed,high,OpenAI,2025-08-07,,reasoning_or_configured,medium,reasoning,medium,,arc_leaderboard_row; model_identity_review; llm_chess_inventory,Exact tiered llm_chess row exists.,,published_mapping_review
arc_agi_2,arc_agi_2:0089:gpt_5_nano_low,GPT-5 Nano (Low),gpt-5-nano-low,GPT-5 Nano (Low),alias,qa_passed,high,OpenAI,2025-08-07,,reasoning_or_configured,low,reasoning,low,,arc_leaderboard_row; model_identity_review; llm_chess_inventory,Exact tiered llm_chess row exists.,,published_mapping_review
arc_agi_2,arc_agi_2:0090:gpt_5_nano_minimal,GPT-5 Nano (Minimal),,GPT-5 Nano (Minimal),unmatched,qa_passed,high,OpenAI,2025-08-07,,unknown,minimal,,,,arc_leaderboard_row; model_identity_review; llm_chess_inventory,Minimal tier is not represented in the current llm_chess inventory.,,published_mapping_review
arc_agi_2,arc_agi_2:0091:hierarchical_reasoning_model_hrm,Hierarchical Reasoning Model (HRM),,Hierarchical Reasoning Model (HRM),excluded,qa_passed,high,Bespoke,2025-08-07,,reasoning_or_configured,,,,,arc_leaderboard_row; model_identity_review; llm_chess_inventory,"Research/system baseline, not a mapped llm_chess model row.",,published_mapping_review
arc_agi_2,arc_agi_2:0092:grok_4_refine,Grok 4 (Refine.),,Grok 4 (Refine.),ambiguous,qa_passed,low,J. Berman,2025-08-07,,reasoning_or_configured,,,,,arc_leaderboard_row; model_identity_review; llm_chess_inventory,Refine. is a benchmark system/config rather than a plain llm_chess player id.,Needs stronger source evidence before collapsing variants.,published_mapping_review
arc_agi_2,arc_agi_2:0093:grok_4_refine,Grok 4 (Refine.),,Grok 4 (Refine.),ambiguous,qa_passed,low,E. Pang,2025-08-07,,reasoning_or_configured,,,,,arc_leaderboard_row; model_identity_review; llm_chess_inventory,Refine. is a benchmark system/config rather than a plain llm_chess player id.,Needs stronger source evidence before collapsing variants.,published_mapping_review
arc_agi_2,arc_agi_2:0094:qwen3_235b_a22b_instruct_25_07,Qwen3-235b-a22b Instruct (25/07),,Qwen3-235b-a22b Instruct (25/07),unmatched,qa_passed,high,Alibaba,2025-07-25,,unknown,,,,,arc_leaderboard_row; model_identity_review; llm_chess_inventory,No matching Qwen3 235B row exists in the current llm_chess inventory.,,published_mapping_review
arc_agi_2,arc_agi_2:0095:grok_4_thinking,Grok 4 (Thinking),,Grok 4 (Thinking),ambiguous,qa_passed,low,xAI,2025-07-09,,reasoning_or_configured,,,,,arc_leaderboard_row; model_identity_review; llm_chess_inventory,The ARC label does not specify whether this is the fast or 4.20 reasoning variant in llm_chess.,Needs stronger source evidence before collapsing variants.,published_mapping_review
arc_agi_2,arc_agi_2:0096:gemini_2_5_pro_thinking_1k,Gemini 2.5 Pro (Thinking 1K),,Gemini 2.5 Pro (Thinking 1K),ambiguous,qa_passed,low,Google,2025-06-17,,reasoning_or_configured,1k,,,,arc_leaderboard_row; model_identity_review; llm_chess_inventory,Preview/reasoning-budget combination is not represented exactly in llm_chess.,Needs stronger source evidence before collapsing variants.,published_mapping_review
arc_agi_2,arc_agi_2:0097:gemini_2_5_pro_thinking_8k,Gemini 2.5 Pro (Thinking 8K),,Gemini 2.5 Pro (Thinking 8K),ambiguous,qa_passed,low,Google,2025-06-17,,reasoning_or_configured,8k,,,,arc_leaderboard_row; model_identity_review; llm_chess_inventory,Preview/reasoning-budget combination is not represented exactly in llm_chess.,Needs stronger source evidence before collapsing variants.,published_mapping_review
arc_agi_2,arc_agi_2:0098:gemini_2_5_pro_thinking_16k,Gemini 2.5 Pro (Thinking 16K),,Gemini 2.5 Pro (Thinking 16K),ambiguous,qa_passed,low,Google,2025-06-17,,reasoning_or_configured,16k,,,,arc_leaderboard_row; model_identity_review; llm_chess_inventory,Preview/reasoning-budget combination is not represented exactly in llm_chess.,Needs stronger source evidence before collapsing variants.,published_mapping_review
arc_agi_2,arc_agi_2:0099:gemini_2_5_pro_thinking_32k,Gemini 2.5 Pro (Thinking 32K),,Gemini 2.5 Pro (Thinking 32K),ambiguous,qa_passed,low,Google,2025-06-17,,reasoning_or_configured,32k,,,,arc_leaderboard_row; model_identity_review; llm_chess_inventory,Preview/reasoning-budget combination is not represented exactly in llm_chess.,Needs stronger source evidence before collapsing variants.,published_mapping_review
arc_agi_2,arc_agi_2:0100:o3_pro_low,o3-Pro (Low),,o3-Pro (Low),unmatched,qa_passed,high,OpenAI,2025-06-10,,reasoning_or_configured,low,,,,arc_leaderboard_row; model_identity_review; llm_chess_inventory,Pro tier is not represented in the current llm_chess inventory.,,published_mapping_review
arc_agi_2,arc_agi_2:0101:o3_pro_medium,o3-Pro (Medium),,o3-Pro (Medium),unmatched,qa_passed,high,OpenAI,2025-06-10,,reasoning_or_configured,medium,,,,arc_leaderboard_row; model_identity_review; llm_chess_inventory,Pro tier is not represented in the current llm_chess inventory.,,published_mapping_review
arc_agi_2,arc_agi_2:0102:o3_pro_high,o3-Pro (High),,o3-Pro (High),unmatched,qa_passed,high,OpenAI,2025-06-10,,reasoning_or_configured,high,,,,arc_leaderboard_row; model_identity_review; llm_chess_inventory,Pro tier is not represented in the current llm_chess inventory.,,published_mapping_review
arc_agi_2,arc_agi_2:0103:magistral_small,Magistral Small,magistral-small,Magistral Small,alias,qa_passed,high,Mistral,2025-06-10,,unknown,,not_reasoning,,,arc_leaderboard_row; model_identity_review; llm_chess_inventory,Exact family row exists in llm_chess.,,published_mapping_review
arc_agi_2,arc_agi_2:0104:magistral_medium,Magistral Medium,,Magistral Medium,unmatched,qa_passed,high,Mistral,2025-06-10,,reasoning_or_configured,medium,,,,arc_leaderboard_row; model_identity_review; llm_chess_inventory,No matching Magistral Medium row exists in the current llm_chess inventory.,,published_mapping_review
arc_agi_2,arc_agi_2:0105:magistral_medium_thinking,Magistral Medium (Thinking),,Magistral Medium (Thinking),unmatched,qa_passed,high,Mistral,2025-06-10,,reasoning_or_configured,medium,,,,arc_leaderboard_row; model_identity_review; llm_chess_inventory,No matching Magistral Medium reasoning row exists in the current llm_chess inventory.,,published_mapping_review
arc_agi_2,arc_agi_2:0106:deepseek_r1_05_28,Deepseek R1 (05/28),deepseek-r1-0528,Deepseek R1 (05/28),alias,qa_passed,high,Deepseek,2025-05-28,,unknown,,reasoning,,,arc_leaderboard_row; model_identity_review; llm_chess_inventory,Date-specific llm_chess row exists.,,published_mapping_review
arc_agi_2,arc_agi_2:0107:codex_mini_latest,Codex Mini (Latest),,Codex Mini (Latest),ambiguous,qa_passed,low,OpenAI,2025-05-23,,unknown,,,,,arc_leaderboard_row; model_identity_review; llm_chess_inventory,Version and effort are under-specified against the current llm_chess codex-mini ladder.,Needs stronger source evidence before collapsing variants.,published_mapping_review
arc_agi_2,arc_agi_2:0108:gemini_2_5_flash_preview,Gemini 2.5 Flash (Preview),,Gemini 2.5 Flash (Preview),ambiguous,qa_passed,low,Google,2025-05-20,,unknown,,,,,arc_leaderboard_row; model_identity_review; llm_chess_inventory,Preview axis is distinct and not proven equivalent to the stored llm_chess row.,Needs stronger source evidence before collapsing variants.,published_mapping_review
arc_agi_2,arc_agi_2:0109:gemini_2_5_flash_preview_thinking_1k,Gemini 2.5 Flash (Preview) (Thinking 1K),,Gemini 2.5 Flash (Preview) (Thinking 1K),ambiguous,qa_passed,low,Google,2025-05-20,,reasoning_or_configured,1k,,,,arc_leaderboard_row; model_identity_review; llm_chess_inventory,Preview/reasoning-budget combination is not represented exactly in llm_chess.,Needs stronger source evidence before collapsing variants.,published_mapping_review
arc_agi_2,arc_agi_2:0110:gemini_2_5_flash_preview_thinking_8k,Gemini 2.5 Flash (Preview) (Thinking 8K),,Gemini 2.5 Flash (Preview) (Thinking 8K),ambiguous,qa_passed,low,Google,2025-05-20,,reasoning_or_configured,8k,,,,arc_leaderboard_row; model_identity_review; llm_chess_inventory,Preview/reasoning-budget combination is not represented exactly in llm_chess.,Needs stronger source evidence before collapsing variants.,published_mapping_review
arc_agi_2,arc_agi_2:0111:gemini_2_5_flash_preview_thinking_16k,Gemini 2.5 Flash (Preview) (Thinking 16K),,Gemini 2.5 Flash (Preview) (Thinking 16K),ambiguous,qa_passed,low,Google,2025-05-20,,reasoning_or_configured,16k,,,,arc_leaderboard_row; model_identity_review; llm_chess_inventory,Preview/reasoning-budget combination is not represented exactly in llm_chess.,Needs stronger source evidence before collapsing variants.,published_mapping_review
arc_agi_2,arc_agi_2:0112:gemini_2_5_flash_preview_thinking_24k,Gemini 2.5 Flash (Preview) (Thinking 24K),,Gemini 2.5 Flash (Preview) (Thinking 24K),ambiguous,qa_passed,low,Google,2025-05-20,,reasoning_or_configured,24k,,,,arc_leaderboard_row; model_identity_review; llm_chess_inventory,Preview/reasoning-budget combination is not represented exactly in llm_chess.,Needs stronger source evidence before collapsing variants.,published_mapping_review
arc_agi_2,arc_agi_2:0113:claude_sonnet_4,Claude Sonnet 4,claude-sonnet-4,Claude Sonnet 4,alias,qa_passed,high,Anthropic,2025-05-14,,unknown,,not_reasoning,,,arc_leaderboard_row; model_identity_review; llm_chess_inventory,Exact family row exists in llm_chess.,,published_mapping_review
arc_agi_2,arc_agi_2:0114:claude_sonnet_4_thinking_1k,Claude Sonnet 4 (Thinking 1K),,Claude Sonnet 4 (Thinking 1K),ambiguous,qa_passed,low,Anthropic,2025-05-14,,reasoning_or_configured,1k,,,,arc_leaderboard_row; model_identity_review; llm_chess_inventory,Thinking budget is not represented exactly in llm_chess.,Needs stronger source evidence before collapsing variants.,published_mapping_review
arc_agi_2,arc_agi_2:0115:claude_sonnet_4_thinking_8k,Claude Sonnet 4 (Thinking 8K),,Claude Sonnet 4 (Thinking 8K),ambiguous,qa_passed,low,Anthropic,2025-05-14,,reasoning_or_configured,8k,,,,arc_leaderboard_row; model_identity_review; llm_chess_inventory,Thinking budget is not represented exactly in llm_chess.,Needs stronger source evidence before collapsing variants.,published_mapping_review
arc_agi_2,arc_agi_2:0116:claude_sonnet_4_thinking_16k,Claude Sonnet 4 (Thinking 16K),claude-sonnet-4_thinking_16000,Claude Sonnet 4 (Thinking 16K),alias,qa_passed,high,Anthropic,2025-05-14,,reasoning_or_configured,16k,reasoning,thinking_16000,,arc_leaderboard_row; model_identity_review; llm_chess_inventory,16K thinking row exists in llm_chess.,,published_mapping_review
arc_agi_2,arc_agi_2:0117:claude_opus_4_thinking_16k,Claude Opus 4 (Thinking 16K),claude-opus-4_thinking_16000,Claude Opus 4 (Thinking 16K),alias,qa_passed,high,Anthropic,2025-05-14,,reasoning_or_configured,16k,reasoning,thinking_16000,,arc_leaderboard_row; model_identity_review; llm_chess_inventory,16K thinking row exists in llm_chess.,,published_mapping_review
arc_agi_2,arc_agi_2:0118:claude_opus_4_thinking_8k,Claude Opus 4 (Thinking 8K),,Claude Opus 4 (Thinking 8K),ambiguous,qa_passed,low,Anthropic,2025-05-14,,reasoning_or_configured,8k,,,,arc_leaderboard_row; model_identity_review; llm_chess_inventory,Thinking budget is not represented exactly in llm_chess.,Needs stronger source evidence before collapsing variants.,published_mapping_review
arc_agi_2,arc_agi_2:0119:claude_opus_4_thinking_1k,Claude Opus 4 (Thinking 1K),,Claude Opus 4 (Thinking 1K),ambiguous,qa_passed,low,Anthropic,2025-05-14,,reasoning_or_configured,1k,,,,arc_leaderboard_row; model_identity_review; llm_chess_inventory,Thinking budget is not represented exactly in llm_chess.,Needs stronger source evidence before collapsing variants.,published_mapping_review
arc_agi_2,arc_agi_2:0120:claude_opus_4,Claude Opus 4,claude-opus-4,Claude Opus 4,alias,qa_passed,high,Anthropic,2025-05-14,,unknown,,not_reasoning,,,arc_leaderboard_row; model_identity_review; llm_chess_inventory,Exact family row exists in llm_chess.,,published_mapping_review
arc_agi_2,arc_agi_2:0121:o3_low,o3 (Low),o3-low,o3 (Low),alias,qa_passed,high,OpenAI,2025-04-16,,reasoning_or_configured,low,reasoning,low,,arc_leaderboard_row; model_identity_review; llm_chess_inventory,Exact tiered llm_chess row exists.,,published_mapping_review
arc_agi_2,arc_agi_2:0122:o3_medium,o3 (Medium),o3-medium,o3 (Medium),alias,qa_passed,high,OpenAI,2025-04-16,,reasoning_or_configured,medium,reasoning,medium,,arc_leaderboard_row; model_identity_review; llm_chess_inventory,Exact tiered llm_chess row exists.,,published_mapping_review
arc_agi_2,arc_agi_2:0123:o3_high,o3 (High),o3-high,o3 (High),alias,qa_passed,high,OpenAI,2025-04-16,,reasoning_or_configured,high,reasoning,high,,arc_leaderboard_row; model_identity_review; llm_chess_inventory,Exact tiered llm_chess row exists.,,published_mapping_review
arc_agi_2,arc_agi_2:0124:o4_mini_low,o4-mini (Low),o4-mini-low,o4-mini (Low),alias,qa_passed,high,OpenAI,2025-04-16,,reasoning_or_configured,low,reasoning,low,,arc_leaderboard_row; model_identity_review; llm_chess_inventory,Exact tiered llm_chess row exists.,,published_mapping_review
arc_agi_2,arc_agi_2:0125:o4_mini_medium,o4-mini (Medium),o4-mini-medium,o4-mini (Medium),alias,qa_passed,high,OpenAI,2025-04-16,,reasoning_or_configured,medium,reasoning,medium,,arc_leaderboard_row; model_identity_review; llm_chess_inventory,Exact tiered llm_chess row exists.,,published_mapping_review
arc_agi_2,arc_agi_2:0126:o4_mini_high,o4-mini (High),o4-mini-high,o4-mini (High),alias,qa_passed,high,OpenAI,2025-04-16,,reasoning_or_configured,high,reasoning,high,,arc_leaderboard_row; model_identity_review; llm_chess_inventory,Exact tiered llm_chess row exists.,,published_mapping_review
arc_agi_2,arc_agi_2:0127:gpt_4_1_nano,GPT-4.1-Nano,gpt-4.1-nano,GPT-4.1-Nano,alias,qa_passed,high,OpenAI,2025-04-14,,unknown,,not_reasoning,,,arc_leaderboard_row; model_identity_review; llm_chess_inventory,Exact llm_chess row exists.,,published_mapping_review
arc_agi_2,arc_agi_2:0128:gpt_4_1_mini,GPT-4.1-Mini,gpt-4.1-mini,GPT-4.1-Mini,alias,qa_passed,high,OpenAI,2025-04-14,,unknown,,not_reasoning,,,arc_leaderboard_row; model_identity_review; llm_chess_inventory,Exact llm_chess row exists.,,published_mapping_review
arc_agi_2,arc_agi_2:0129:gpt_4_1,GPT-4.1,gpt-4.1,GPT-4.1,alias,qa_passed,high,OpenAI,2025-04-14,,unknown,,not_reasoning,,,arc_leaderboard_row; model_identity_review; llm_chess_inventory,Exact llm_chess row exists.,,published_mapping_review
arc_agi_2,arc_agi_2:0130:llama_4_maverick,Llama 4 Maverick,llama-4-maverick-17b-128e-instruct,Llama 4 Maverick,variant-compatible,qa_passed,medium,Meta,2025-04-05,,unknown,,not_reasoning,,,arc_leaderboard_row; model_identity_review; llm_chess_inventory,"Only one current Maverick family row exists, but the ARC label omits the instruct/config suffix.",,published_mapping_review
arc_agi_2,arc_agi_2:0131:llama_4_scout,Llama 4 Scout,,Llama 4 Scout,ambiguous,qa_passed,low,Meta,2025-04-05,,unknown,,,,,arc_leaderboard_row; model_identity_review; llm_chess_inventory,Two current Scout-family rows exist in llm_chess; keep the mapping ambiguous.,Needs stronger source evidence before collapsing variants.,published_mapping_review
arc_agi_2,arc_agi_2:0132:gpt_4_5,GPT-4.5,,GPT-4.5,ambiguous,qa_passed,low,OpenAI,2025-02-27,,unknown,,,,,arc_leaderboard_row; model_identity_review; llm_chess_inventory,The current llm_chess row is preview-suffixed and should not be collapsed automatically.,Needs stronger source evidence before collapsing variants.,published_mapping_review
arc_agi_2,arc_agi_2:0133:claude_3_7,Claude 3.7,claude-3-7-sonnet,Claude 3.7,variant-compatible,qa_passed,medium,Anthropic,2025-02-24,,unknown,,not_reasoning,,,arc_leaderboard_row; model_identity_review; llm_chess_inventory,Current llm_chess family only exposes the Sonnet row; ARC label is family shorthand.,,published_mapping_review
arc_agi_2,arc_agi_2:0134:claude_3_7_16k,Claude 3.7 (16K),,Claude 3.7 (16K),ambiguous,qa_passed,low,Anthropic,2025-02-24,,unknown,16k,,,,arc_leaderboard_row; model_identity_review; llm_chess_inventory,Current llm_chess thinking rows are 1024/2048/5000/10000; 16K is not exact.,Needs stronger source evidence before collapsing variants.,published_mapping_review
arc_agi_2,arc_agi_2:0135:claude_3_7_1k,Claude 3.7 (1K),claude-3-7-sonnet_thinking_1024,Claude 3.7 (1K),variant-compatible,qa_passed,medium,Anthropic,2025-02-24,,unknown,1k,reasoning,thinking_1024,,arc_leaderboard_row; model_identity_review; llm_chess_inventory,1K ARC budget is compatible with the 1024-token llm_chess reasoning row.,,published_mapping_review
arc_agi_2,arc_agi_2:0136:claude_3_7_8k,Claude 3.7 (8K),,Claude 3.7 (8K),ambiguous,qa_passed,low,Anthropic,2025-02-24,,unknown,8k,,,,arc_leaderboard_row; model_identity_review; llm_chess_inventory,Current llm_chess thinking rows are 1024/2048/5000/10000; 8K is not exact.,Needs stronger source evidence before collapsing variants.,published_mapping_review
arc_agi_2,arc_agi_2:0137:grok_3,Grok 3,,Grok 3,ambiguous,qa_passed,low,xAI,2025-02-19,,unknown,,,,,arc_leaderboard_row; model_identity_review; llm_chess_inventory,Beta axis is present in llm_chess and the ARC label does not resolve it.,Needs stronger source evidence before collapsing variants.,published_mapping_review
arc_agi_2,arc_agi_2:0138:grok_3_mini_low,Grok 3 Mini (Low),,Grok 3 Mini (Low),ambiguous,qa_passed,low,xAI,2025-02-19,,reasoning_or_configured,low,,,,arc_leaderboard_row; model_identity_review; llm_chess_inventory,Both beta and non-beta low rows exist in llm_chess.,Needs stronger source evidence before collapsing variants.,published_mapping_review
arc_agi_2,arc_agi_2:0139:gemini_2_5_pro_preview,Gemini 2.5 Pro (Preview),,Gemini 2.5 Pro (Preview),ambiguous,qa_passed,low,Google,2025-02-19,,unknown,,,,,arc_leaderboard_row; model_identity_review; llm_chess_inventory,Two dated preview rows exist in llm_chess.,Needs stronger source evidence before collapsing variants.,published_mapping_review
arc_agi_2,arc_agi_2:0140:gemini_2_5_pro_preview_thinking_1k,Gemini 2.5 Pro (Preview - Thinking 1K),,Gemini 2.5 Pro (Preview - Thinking 1K),ambiguous,qa_passed,low,Google,2025-02-19,,reasoning_or_configured,1k,,,,arc_leaderboard_row; model_identity_review; llm_chess_inventory,Preview/reasoning-budget combination is not represented exactly in llm_chess.,Needs stronger source evidence before collapsing variants.,published_mapping_review
arc_agi_2,arc_agi_2:0141:gemini_1_5_pro,Gemini 1.5 Pro,gemini-1.5-pro-preview,Gemini 1.5 Pro,variant-compatible,qa_passed,medium,Google,2025-02-15,,unknown,,not_reasoning,,,arc_leaderboard_row; model_identity_review; llm_chess_inventory,"Family matches, but the llm_chess row retains the preview suffix.",,published_mapping_review
arc_agi_2,arc_agi_2:0142:gemini_2_0_flash,Gemini 2.0 Flash,,Gemini 2.0 Flash,ambiguous,qa_passed,low,Google,2025-02-02,,unknown,,,,,arc_leaderboard_row; model_identity_review; llm_chess_inventory,Multiple 2.0 Flash rows exist in llm_chess and the ARC label is under-specified.,Needs stronger source evidence before collapsing variants.,published_mapping_review
arc_agi_2,arc_agi_2:0143:o3_mini_low,o3-mini (Low),o3-mini-low,o3-mini (Low),alias,qa_passed,high,OpenAI,2025-01-31,,reasoning_or_configured,low,reasoning,low,,arc_leaderboard_row; model_identity_review; llm_chess_inventory,Exact tiered llm_chess row exists.,,published_mapping_review
arc_agi_2,arc_agi_2:0144:o3_mini_medium,o3-mini (Medium),o3-mini-medium,o3-mini (Medium),alias,qa_passed,high,OpenAI,2025-01-31,,reasoning_or_configured,medium,reasoning,medium,,arc_leaderboard_row; model_identity_review; llm_chess_inventory,Exact tiered llm_chess row exists.,,published_mapping_review
arc_agi_2,arc_agi_2:0145:o3_mini_high,o3-mini (High),o3-mini-high,o3-mini (High),alias,qa_passed,high,OpenAI,2025-01-31,,reasoning_or_configured,high,reasoning,high,,arc_leaderboard_row; model_identity_review; llm_chess_inventory,Exact tiered llm_chess row exists.,,published_mapping_review
arc_agi_2,arc_agi_2:0146:deepseek_r1,Deepseek R1,deepseek-r1,Deepseek R1,alias,qa_passed,high,Deepseek,2025-01-22,,unknown,,reasoning,,,arc_leaderboard_row; model_identity_review; llm_chess_inventory,Exact llm_chess row exists.,,published_mapping_review
arc_agi_2,arc_agi_2:0147:o3_preview_low_1,o3 (Preview - Low) ¹,,o3 (Preview - Low) ¹,ambiguous,qa_passed,low,OpenAI,2024-12-20,,reasoning_or_configured,low,,,,arc_leaderboard_row; model_identity_review; llm_chess_inventory,Preview axis is distinct and should not be collapsed onto plain o3-low.,Needs stronger source evidence before collapsing variants.,published_mapping_review
arc_agi_2,arc_agi_2:0148:gpt_4o,GPT-4o,gpt-4o-2024-11-20,GPT-4o,alias,qa_passed,medium,OpenAI,2024-11-20,,unknown,,not_reasoning,,,arc_leaderboard_row; model_identity_review; model_identity_review; llm_chess_inventory,The ARC release clue matches the dated llm_chess GPT-4o row exactly.,,published_mapping_review
arc_agi_2,arc_agi_2:0149:architects,ARChitects,,ARChitects,excluded,qa_passed,high,ARC Prize 2024,2024-11-03,,unknown,,,,,arc_leaderboard_row; model_identity_review; llm_chess_inventory,"System-level benchmark entry, not a plain llm_chess model identity.",,published_mapping_review
arc_agi_2,arc_agi_2:0150:nvarc,NVARC,,NVARC,excluded,qa_passed,high,ARC Prize 2025,2024-11-03,,unknown,,,,,arc_leaderboard_row; model_identity_review; llm_chess_inventory,"System-level benchmark entry, not a plain llm_chess model identity.",,published_mapping_review
arc_agi_2,arc_agi_2:0151:o1_mini,o1-mini,o1-mini,o1-mini,alias,qa_passed,high,OpenAI,2024-09-12,,unknown,,reasoning,,,arc_leaderboard_row; model_identity_review; llm_chess_inventory,Exact llm_chess row exists.,,published_mapping_review
arc_agi_2,arc_agi_2:0152:gpt_4o_mini,GPT-4o-mini,gpt-4o-mini,GPT-4o-mini,alias,qa_passed,high,OpenAI,2024-07-18,,unknown,,not_reasoning,,,arc_leaderboard_row; model_identity_review; llm_chess_inventory,Exact llm_chess row exists.,,published_mapping_review
arc_agi_2,arc_agi_2:0153:icecuber,Icecuber,,Icecuber,excluded,qa_passed,high,ARC Prize 2024,2023-11-03,,unknown,,,,,arc_leaderboard_row; model_identity_review; llm_chess_inventory,"System-level benchmark entry, not a plain llm_chess model identity.",,published_mapping_review
arc_agi_2,arc_agi_2:0154:human_panel,Human Panel,,Human Panel,excluded,qa_passed,high,Human,,,unknown,,,,,arc_leaderboard_row; model_identity_review; llm_chess_inventory,Human baseline row.,,published_mapping_review
arc_agi_2,arc_agi_2:0155:avg_mturker,Avg. Mturker,,Avg. Mturker,excluded,qa_passed,high,Human,,,unknown,,,,,arc_leaderboard_row; model_identity_review; llm_chess_inventory,Human baseline row.,,published_mapping_review
arc_agi_2,arc_agi_2:0156:stem_grad,Stem Grad,,Stem Grad,excluded,qa_passed,high,Human,,,unknown,,,,,arc_leaderboard_row; model_identity_review; llm_chess_inventory,Human baseline row.,,published_mapping_review
