eval_id,eval_row_id,eval_model_label,llm_chess_player,eval_variant_label,mapping_status,review_status,confidence,provider_or_family,version_or_release_clue,reasoning_or_system_config,eval_reasoning_kind,eval_reasoning_effort,llm_chess_reasoning_kind,llm_chess_reasoning_effort,reasoning_rule_applied,evidence_refs,rationale,open_questions,reviewer,source_llm_chess_model
eci,eci:0000,GPT-5.5 Pro,,GPT-5.5 Pro,unmatched,needs_review,none,,epoch_eci_refresh_2026_05,,unknown,,,,,,New model introduced in the 2026-05 overall ECI refresh; mapping not yet reviewed.,"No gpt-5.5-pro tier in elo_refined.csv (only gpt-5.5-medium, mapped to base GPT-5.5). Pro is a distinct product tier; left unmatched.",,
eci,eci:0001,GPT-5.5,gpt-5.5-medium,GPT-5.5,accepted,reviewed_2026_05_refresh,review-medium,GPT-5,epoch_eci_refresh_2026_05,,unknown,,reasoning,medium,,"family_tier_convention:base->medium,mini/nano->high; elo_refined.csv tier availability",New in 2026-05 refresh. Base GPT-5.x -> -medium tier per established family convention; gpt-5.5-medium is the only GPT-5.5 tier in elo_refined.csv.,,cross_ref_refresh_2026_05,
eci,eci:0002,GPT-5.4 Pro,,GPT-5.4 Pro,unmatched,qa_passed,low,GPT-5,legacy_bridge_column,,unknown,,,,,legacy_source_column:llm_chess_model,Generated from the legacy ECI bridge-column workflow and retained as the published reviewed mapping source of truth.,No legacy bridge value present.,published_mapping_review,
eci,eci:0003,Gemini 3.1 Pro,gemini-3.1-pro-preview,Gemini 3.1 Pro,accepted,qa_passed,seed-medium,Gemini 3,legacy_bridge_column,,unknown,,reasoning,,,legacy_source_column:llm_chess_model,Generated from the legacy ECI bridge-column workflow and retained as the published reviewed mapping source of truth.,,published_mapping_review,gemini-3.1-pro-preview
eci,eci:0004,Gemini 3.5 Flash,,Gemini 3.5 Flash,unmatched,needs_review,none,,epoch_eci_refresh_2026_05,,unknown,,,,,,New model introduced in the 2026-05 overall ECI refresh; mapping not yet reviewed.,No Gemini 3.5 Flash entry in elo_refined.csv.,,
eci,eci:0005,Claude Opus 4.7,,Claude Opus 4.7,unmatched,qa_passed,low,Claude Opus 4,legacy_bridge_column,,unknown,,,,,legacy_source_column:llm_chess_model,Generated from the legacy ECI bridge-column workflow and retained as the published reviewed mapping source of truth.,No legacy bridge value present.,published_mapping_review,
eci,eci:0006,GPT-5.4,gpt-5.4-medium,GPT-5.4,accepted,reviewed_2026_05_refresh,review-medium,GPT-5,epoch_eci_refresh_2026_05,,unknown,,reasoning,medium,,"family_tier_convention:base->medium,mini/nano->high; elo_refined.csv tier availability",Reconciled to gpt-5.4-medium in the 2026-05 refresh. Base GPT-5.x ECI rows map to the LLM Chess -medium tier (GPT-5/5.1/5.2 all map to -medium); the prior gpt-5.4-low pick predated gpt-5.4-medium existing in elo_refined.csv.,,cross_ref_refresh_2026_05,gpt-5.4-low
eci,eci:0007,GPT-5.3 Codex,gpt-5.3-codex-medium,GPT-5.3 Codex,accepted,reviewed_2026_05_refresh,review-medium,GPT-5,epoch_eci_refresh_2026_05,,unknown,,reasoning,medium,,"family_tier_convention:base->medium,mini/nano->high; elo_refined.csv tier availability",New in 2026-05 refresh. Only GPT-5.3 Codex tier present in elo_refined.csv is gpt-5.3-codex-medium; consistent with base GPT-5.x -> -medium convention.,,cross_ref_refresh_2026_05,
eci,eci:0008,Claude Opus 4.6,claude-opus-4-6_thinking-high,Claude Opus 4.6,accepted,qa_passed,seed-medium,Claude Opus 4,legacy_bridge_column,,unknown,,reasoning,high,,legacy_source_column:llm_chess_model,Generated from the legacy ECI bridge-column workflow and retained as the published reviewed mapping source of truth.,,published_mapping_review,claude-opus-4-6_thinking-high
eci,eci:0009,Muse Spark,,Muse Spark,unmatched,qa_passed,low,Muse,legacy_bridge_column,,unknown,,,,,legacy_source_column:llm_chess_model,Generated from the legacy ECI bridge-column workflow and retained as the published reviewed mapping source of truth.,No legacy bridge value present.,published_mapping_review,
eci,eci:0010,Grok 4.20,grok-4-20-reasoning,Grok 4.20,accepted,reviewed_2026_05_refresh,high,Grok 4,epoch_eci_refresh_2026_05,,unknown,,reasoning,,,maintainer_confirmed_2026_05: grok-4-20-reasoning == Epoch 'Grok 4.20',Maintainer confirmed the LLM Chess id grok-4-20-reasoning corresponds to Epoch 'Grok 4.20' (not 'Grok 4'). Reassigned here in the 2026-05 refresh.,,cross_ref_refresh_2026_05,
eci,eci:0011,GPT-5.2 Pro,,GPT-5.2 Pro,unmatched,qa_passed,low,GPT-5,legacy_bridge_column,,unknown,,,,,legacy_source_column:llm_chess_model,Generated from the legacy ECI bridge-column workflow and retained as the published reviewed mapping source of truth.,No legacy bridge value present.,published_mapping_review,
eci,eci:0012,GPT-5.2,gpt-5.2-medium,GPT-5.2,accepted,qa_passed,seed-medium,GPT-5,legacy_bridge_column,,unknown,,reasoning,medium,,legacy_source_column:llm_chess_model,Generated from the legacy ECI bridge-column workflow and retained as the published reviewed mapping source of truth.,,published_mapping_review,gpt-5.2-medium
eci,eci:0013,Gemini 3 Pro,gemini-3-pro-preview,Gemini 3 Pro,accepted,qa_passed,seed-medium,Gemini,legacy_bridge_column,,unknown,,reasoning,,,legacy_source_column:llm_chess_model,Generated from the legacy ECI bridge-column workflow and retained as the published reviewed mapping source of truth.,,published_mapping_review,gemini-3-pro-preview
eci,eci:0014,Claude Sonnet 4.6,claude-sonnet-4-6,Claude Sonnet 4.6,accepted,qa_passed,seed-medium,Claude Sonnet 4,legacy_bridge_column,,unknown,,not_reasoning,,,legacy_source_column:llm_chess_model,Generated from the legacy ECI bridge-column workflow and retained as the published reviewed mapping source of truth.,,published_mapping_review,claude-sonnet-4-6
eci,eci:0015,Kimi K2.6,,Kimi K2.6,unmatched,needs_review,none,,epoch_eci_refresh_2026_05,,unknown,,,,,,New model introduced in the 2026-05 overall ECI refresh; mapping not yet reviewed.,"No Kimi K2.6 entry in elo_refined.csv (only kimi-k2-instruct, kimi-k2.5).",,
eci,eci:0016,Gemini 3 Flash,gemini-3-flash-preview,Gemini 3 Flash,accepted,qa_passed,seed-medium,Gemini,legacy_bridge_column,,unknown,,reasoning,,,legacy_source_column:llm_chess_model,Generated from the legacy ECI bridge-column workflow and retained as the published reviewed mapping source of truth.,,published_mapping_review,gemini-3-flash-preview
eci,eci:0017,GPT-5 Pro,,GPT-5 Pro,unmatched,qa_passed,low,GPT,legacy_bridge_column,,unknown,,,,,legacy_source_column:llm_chess_model,Generated from the legacy ECI bridge-column workflow and retained as the published reviewed mapping source of truth.,No legacy bridge value present.,published_mapping_review,
eci,eci:0018,Qwen 3.6 Max (Preview),,Qwen 3.6 Max (Preview),unmatched,needs_review,none,,epoch_eci_refresh_2026_05,,unknown,,,,,,New model introduced in the 2026-05 overall ECI refresh; mapping not yet reviewed.,"elo_refined.csv only has qwen3.6-27b@q4_k_s (27B Q4 local), not the hosted Qwen 3.6 Max; different model, left unmatched.",,
eci,eci:0019,GPT-5,gpt-5-medium,GPT-5,accepted,qa_passed,seed-medium,GPT,legacy_bridge_column,,unknown,,reasoning,medium,,legacy_source_column:llm_chess_model,Generated from the legacy ECI bridge-column workflow and retained as the published reviewed mapping source of truth.,,published_mapping_review,gpt-5-medium
eci,eci:0020,GLM-5.1,,GLM-5.1,unmatched,needs_review,none,,epoch_eci_refresh_2026_05,,unknown,,,,,,New model introduced in the 2026-05 overall ECI refresh; mapping not yet reviewed.,"No GLM-5.1 entry in elo_refined.csv (only zai.glm-5, glm-4.7-flash@q4).",,
eci,eci:0021,Claude Opus 4.5,claude-opus-4-5-20251101_thinking_16000,Claude Opus 4.5,accepted,qa_passed,seed-medium,Claude Opus 4,legacy_bridge_column,,unknown,,reasoning,thinking_16000,,legacy_source_column:llm_chess_model,Generated from the legacy ECI bridge-column workflow and retained as the published reviewed mapping source of truth.,,published_mapping_review,claude-opus-4-5-20251101_thinking_16000
eci,eci:0022,GPT-5.1,gpt-5.1-medium,GPT-5.1,accepted,qa_passed,seed-medium,GPT-5,legacy_bridge_column,,unknown,,reasoning,medium,,legacy_source_column:llm_chess_model,Generated from the legacy ECI bridge-column workflow and retained as the published reviewed mapping source of truth.,,published_mapping_review,gpt-5.1-medium
eci,eci:0023,Qwen 3.6 Plus,,Qwen 3.6 Plus,unmatched,needs_review,none,,epoch_eci_refresh_2026_05,,unknown,,,,,,New model introduced in the 2026-05 overall ECI refresh; mapping not yet reviewed.,"elo_refined.csv only has qwen3.6-27b@q4_k_s (27B Q4 local), not hosted Qwen 3.6 Plus; left unmatched.",,
eci,eci:0024,GPT-5.4 Mini,gpt-5.4-mini-high,GPT-5.4 Mini,accepted,reviewed_2026_05_refresh,review-low,GPT-5,epoch_eci_refresh_2026_05,,unknown,,reasoning,high,,"family_tier_convention:base->medium,mini/nano->high; elo_refined.csv tier availability","New in 2026-05 refresh. GPT-5 mini/nano ECI rows map to the LLM Chess -high tier (gpt-5-mini-high, gpt-5-nano-high); applied gpt-5.4-mini-high. Tier choice is convention-based; verify against the effort Epoch evaluated.",,cross_ref_refresh_2026_05,
eci,eci:0025,Kimi K2.5,kimi-k2.5,Kimi K2.5,accepted,qa_passed,seed-medium,Kimi K2,legacy_bridge_column,,unknown,,reasoning,,,legacy_source_column:llm_chess_model,Generated from the legacy ECI bridge-column workflow and retained as the published reviewed mapping source of truth.,,published_mapping_review,kimi-k2.5
eci,eci:0026,o3-pro,,o3-pro,unmatched,qa_passed,low,o3,legacy_bridge_column,,unknown,,,,,legacy_source_column:llm_chess_model,Generated from the legacy ECI bridge-column workflow and retained as the published reviewed mapping source of truth.,No legacy bridge value present.,published_mapping_review,
eci,eci:0027,MiniMax-M2.5,minimax.minimax-m2.5,MiniMax-M2.5,accepted,qa_passed,seed-medium,MiniMax-M2,legacy_bridge_column,,unknown,,not_reasoning,max,,legacy_source_column:llm_chess_model,Generated from the legacy ECI bridge-column workflow and retained as the published reviewed mapping source of truth.,,published_mapping_review,minimax.minimax-m2.5
eci,eci:0028,Grok 4,,Grok 4,unmatched,reviewed_2026_05_refresh,none,Grok,legacy_bridge_column,,unknown,,,,,,"Reassigned in 2026-05 refresh: grok-4-20-reasoning was moved to Epoch 'Grok 4.20' per maintainer. No plain grok-4 exists in elo_refined.csv, so Epoch 'Grok 4' has no LLM Chess counterpart.","No LLM Chess entry for base Grok 4 (only grok-4-20, grok-4-fast, grok-4-1-fast variants).",cross_ref_refresh_2026_05,
eci,eci:0029,o3,o3-medium,o3,accepted,qa_passed,seed-medium,o3,legacy_bridge_column,,unknown,,reasoning,medium,,legacy_source_column:llm_chess_model,Generated from the legacy ECI bridge-column workflow and retained as the published reviewed mapping source of truth.,,published_mapping_review,o3-medium
eci,eci:0030,Claude Sonnet 4.5,claude-sonnet-4-5_thinking_16000,Claude Sonnet 4.5,accepted,qa_passed,seed-medium,Claude Sonnet 4,legacy_bridge_column,,unknown,,reasoning,thinking_16000,,legacy_source_column:llm_chess_model,Generated from the legacy ECI bridge-column workflow and retained as the published reviewed mapping source of truth.,,published_mapping_review,claude-sonnet-4-5_thinking_16000
eci,eci:0031,o4-mini,o4-mini-high,o4-mini,accepted,qa_passed,seed-medium,o4,legacy_bridge_column,,unknown,,reasoning,high,,legacy_source_column:llm_chess_model,Generated from the legacy ECI bridge-column workflow and retained as the published reviewed mapping source of truth.,,published_mapping_review,o4-mini-high
eci,eci:0032,Gemini 2.5 Pro (Jun 2025),gemini-2.5-pro,Gemini 2.5 Pro (Jun 2025),accepted,qa_passed,seed-medium,Gemini 2,legacy_bridge_column,,unknown,,reasoning,,,legacy_source_column:llm_chess_model,Generated from the legacy ECI bridge-column workflow and retained as the published reviewed mapping source of truth.,,published_mapping_review,gemini-2.5-pro
eci,eci:0033,GLM-5,zai.glm-5,GLM-5,accepted,qa_passed,seed-medium,GLM,legacy_bridge_column,,unknown,,reasoning,,,legacy_source_column:llm_chess_model,Generated from the legacy ECI bridge-column workflow and retained as the published reviewed mapping source of truth.,,published_mapping_review,zai.glm-5
eci,eci:0034,DeepSeek-V3.2,,DeepSeek-V3.2,unmatched,qa_passed,low,DeepSeek-V3,legacy_bridge_column,,unknown,,,,,legacy_source_column:llm_chess_model,Generated from the legacy ECI bridge-column workflow and retained as the published reviewed mapping source of truth.,No legacy bridge value present.,published_mapping_review,
eci,eci:0035,GPT-5.4 Nano,gpt-5.4-nano-high,GPT-5.4 Nano,accepted,reviewed_2026_05_refresh,review-low,GPT-5,epoch_eci_refresh_2026_05,,unknown,,reasoning,high,,"family_tier_convention:base->medium,mini/nano->high; elo_refined.csv tier availability",New in 2026-05 refresh. mini/nano -> -high convention; gpt-5.4-nano-high is the only GPT-5.4 nano tier in elo_refined.csv. Verify against Epoch's evaluated effort.,,cross_ref_refresh_2026_05,
eci,eci:0036,Qwen 3.5 Plus (hosted 397B-A17B),,Qwen 3.5 Plus (hosted 397B-A17B),unmatched,needs_review,none,,epoch_eci_refresh_2026_05,,unknown,,,,,,New model introduced in the 2026-05 overall ECI refresh; mapping not yet reviewed.,"elo_refined.csv only has qwen3.5-9b@q8_0 (9B local), not the hosted 397B model; left unmatched.",,
eci,eci:0037,Qwen3-235B-A22B-Thinking (Jul 2025),,Qwen3-235B-A22B-Thinking (Jul 2025),unmatched,qa_passed,low,Qwen3,legacy_bridge_column,,unknown,,,,,legacy_source_column:llm_chess_model,Generated from the legacy ECI bridge-column workflow and retained as the published reviewed mapping source of truth.,No legacy bridge value present.,published_mapping_review,
eci,eci:0038,Kimi K2 Thinking,,Kimi K2 Thinking,unmatched,qa_passed,low,Kimi,legacy_bridge_column,,unknown,,,,,legacy_source_column:llm_chess_model,Generated from the legacy ECI bridge-column workflow and retained as the published reviewed mapping source of truth.,No legacy bridge value present.,published_mapping_review,
eci,eci:0039,GPT-5 mini,gpt-5-mini-high,GPT-5 mini,accepted,qa_passed,seed-medium,GPT,legacy_bridge_column,,unknown,,reasoning,high,,legacy_source_column:llm_chess_model,Generated from the legacy ECI bridge-column workflow and retained as the published reviewed mapping source of truth.,,published_mapping_review,gpt-5-mini-high
eci,eci:0040,DeepSeek-V3.2-Exp,,DeepSeek-V3.2-Exp,unmatched,qa_passed,low,DeepSeek-V3,legacy_bridge_column,,unknown,,,,,legacy_source_column:llm_chess_model,Generated from the legacy ECI bridge-column workflow and retained as the published reviewed mapping source of truth.,No legacy bridge value present.,published_mapping_review,
eci,eci:0041,Qwen 3.6 Flash,,Qwen 3.6 Flash,unmatched,needs_review,none,,epoch_eci_refresh_2026_05,,unknown,,,,,,New model introduced in the 2026-05 overall ECI refresh; mapping not yet reviewed.,"elo_refined.csv only has qwen3.6-27b@q4_k_s (27B Q4 local), not hosted Qwen 3.6 Flash; left unmatched.",,
eci,eci:0042,Gemini 2.5 Pro (Mar 2025),gemini-2.5-pro-preview-03-25,Gemini 2.5 Pro (Mar 2025),accepted,qa_passed,seed-medium,Gemini 2,legacy_bridge_column,,unknown,,reasoning,,,legacy_source_column:llm_chess_model,Generated from the legacy ECI bridge-column workflow and retained as the published reviewed mapping source of truth.,,published_mapping_review,gemini-2.5-pro-preview-03-25
eci,eci:0043,Qwen3-Max,,Qwen3-Max,unmatched,qa_passed,low,Qwen3,legacy_bridge_column,,unknown,,,,,legacy_source_column:llm_chess_model,Generated from the legacy ECI bridge-column workflow and retained as the published reviewed mapping source of truth.,No legacy bridge value present.,published_mapping_review,
eci,eci:0044,Grok 4 Fast,grok-4-fast-reasoning,Grok 4 Fast,accepted,qa_passed,seed-medium,Grok,legacy_bridge_column,,unknown,,reasoning,,,legacy_source_column:llm_chess_model,Generated from the legacy ECI bridge-column workflow and retained as the published reviewed mapping source of truth.,,published_mapping_review,grok-4-fast-reasoning
eci,eci:0045,Qwen 3.5 Flash (hosted 35B-A3B),,Qwen 3.5 Flash (hosted 35B-A3B),unmatched,needs_review,none,,epoch_eci_refresh_2026_05,,unknown,,,,,,New model introduced in the 2026-05 overall ECI refresh; mapping not yet reviewed.,"elo_refined.csv only has qwen3.5-9b@q8_0 (9B local), not the hosted 35B model; left unmatched.",,
eci,eci:0046,Claude Opus 4.1,claude-opus-4-1,Claude Opus 4.1,accepted,qa_passed,seed-medium,Claude Opus 4,legacy_bridge_column,,unknown,,not_reasoning,,,legacy_source_column:llm_chess_model,Generated from the legacy ECI bridge-column workflow and retained as the published reviewed mapping source of truth.,,published_mapping_review,claude-opus-4-1
eci,eci:0047,GLM-4.7,,GLM-4.7,unmatched,qa_passed,low,GLM-4,legacy_bridge_column,,unknown,,,,,legacy_source_column:llm_chess_model,Generated from the legacy ECI bridge-column workflow and retained as the published reviewed mapping source of truth.,No legacy bridge value present.,published_mapping_review,
eci,eci:0048,Gemini 2.5 Flash (Sep 2025),gemini-2.5-flash,Gemini 2.5 Flash (Sep 2025),accepted,qa_passed,seed-medium,Gemini 2,legacy_bridge_column,,unknown,,reasoning,,,legacy_source_column:llm_chess_model,Generated from the legacy ECI bridge-column workflow and retained as the published reviewed mapping source of truth.,,published_mapping_review,gemini-2.5-flash
eci,eci:0049,Claude Opus 4,claude-opus-4_thinking_16000,Claude Opus 4,accepted,qa_passed,seed-medium,Claude,legacy_bridge_column,,unknown,,reasoning,thinking_16000,,legacy_source_column:llm_chess_model,Generated from the legacy ECI bridge-column workflow and retained as the published reviewed mapping source of truth.,,published_mapping_review,claude-opus-4_thinking_16000
eci,eci:0050,Claude Haiku 4.5,claude-haiku-4-5_thinking_16000,Claude Haiku 4.5,accepted,qa_passed,seed-medium,Claude Haiku 4,legacy_bridge_column,,unknown,,reasoning,thinking_16000,,legacy_source_column:llm_chess_model,Generated from the legacy ECI bridge-column workflow and retained as the published reviewed mapping source of truth.,,published_mapping_review,claude-haiku-4-5_thinking_16000
eci,eci:0051,o1,o1-medium,o1,accepted,qa_passed,seed-medium,o1,legacy_bridge_column,,unknown,,reasoning,medium,,legacy_source_column:llm_chess_model,Generated from the legacy ECI bridge-column workflow and retained as the published reviewed mapping source of truth.,,published_mapping_review,o1-medium
eci,eci:0052,Gemini 2.5 Pro (May 2025),gemini-2.5-pro-preview-05-06,Gemini 2.5 Pro (May 2025),accepted,qa_passed,seed-medium,Gemini 2,legacy_bridge_column,,unknown,,reasoning,,,legacy_source_column:llm_chess_model,Generated from the legacy ECI bridge-column workflow and retained as the published reviewed mapping source of truth.,,published_mapping_review,gemini-2.5-pro-preview-05-06
eci,eci:0053,Claude Sonnet 4,claude-sonnet-4_thinking_16000,Claude Sonnet 4,accepted,qa_passed,seed-medium,Claude,legacy_bridge_column,,unknown,,reasoning,thinking_16000,,legacy_source_column:llm_chess_model,Generated from the legacy ECI bridge-column workflow and retained as the published reviewed mapping source of truth.,,published_mapping_review,claude-sonnet-4_thinking_16000
eci,eci:0054,Gemini 2.5 Flash (May 2025),gemini-2.5-flash,Gemini 2.5 Flash (May 2025),accepted,qa_passed,seed-medium,Gemini 2,legacy_bridge_column,,unknown,,reasoning,,,legacy_source_column:llm_chess_model,Generated from the legacy ECI bridge-column workflow and retained as the published reviewed mapping source of truth.,,published_mapping_review,gemini-2.5-flash
eci,eci:0055,DeepSeek-R1 (May 2025),deepseek-r1-0528,DeepSeek-R1 (May 2025),accepted,qa_passed,seed-medium,DeepSeek,legacy_bridge_column,,unknown,,reasoning,,,legacy_source_column:llm_chess_model,Generated from the legacy ECI bridge-column workflow and retained as the published reviewed mapping source of truth.,,published_mapping_review,deepseek-r1-0528
eci,eci:0056,Claude 3.7 Sonnet,claude-3-7-sonnet_thinking_10000,Claude 3.7 Sonnet,accepted,qa_passed,seed-medium,Claude 3,legacy_bridge_column,,unknown,,reasoning,thinking_10000,,legacy_source_column:llm_chess_model,Generated from the legacy ECI bridge-column workflow and retained as the published reviewed mapping source of truth.,,published_mapping_review,claude-3-7-sonnet_thinking_10000
eci,eci:0057,o3-mini,o3-mini-high,o3-mini,accepted,qa_passed,seed-medium,o3,legacy_bridge_column,,unknown,,reasoning,high,,legacy_source_column:llm_chess_model,Generated from the legacy ECI bridge-column workflow and retained as the published reviewed mapping source of truth.,,published_mapping_review,o3-mini-high
eci,eci:0058,GLM-4.6,,GLM-4.6,unmatched,qa_passed,low,GLM-4,legacy_bridge_column,,unknown,,,,,legacy_source_column:llm_chess_model,Generated from the legacy ECI bridge-column workflow and retained as the published reviewed mapping source of truth.,No legacy bridge value present.,published_mapping_review,
eci,eci:0059,Grok-3 mini,grok-3-mini-beta-high,Grok-3 mini,accepted,qa_passed,seed-medium,Grok,legacy_bridge_column,,unknown,,reasoning,high,,legacy_source_column:llm_chess_model,Generated from the legacy ECI bridge-column workflow and retained as the published reviewed mapping source of truth.,,published_mapping_review,grok-3-mini-beta-high
eci,eci:0060,Kimi K2 (Sep 2025),,Kimi K2 (Sep 2025),unmatched,qa_passed,low,Kimi,legacy_bridge_column,,unknown,,,,,legacy_source_column:llm_chess_model,Generated from the legacy ECI bridge-column workflow and retained as the published reviewed mapping source of truth.,No legacy bridge value present.,published_mapping_review,
eci,eci:0061,GPT-5 nano,gpt-5-nano-high,GPT-5 nano,accepted,qa_passed,seed-medium,GPT,legacy_bridge_column,,unknown,,reasoning,high,,legacy_source_column:llm_chess_model,Generated from the legacy ECI bridge-column workflow and retained as the published reviewed mapping source of truth.,,published_mapping_review,gpt-5-nano-high
eci,eci:0062,gpt-oss-120b,gpt-oss-120b-high,gpt-oss-120b,accepted,qa_passed,seed-medium,gpt,legacy_bridge_column,,unknown,,reasoning,high,,legacy_source_column:llm_chess_model,Generated from the legacy ECI bridge-column workflow and retained as the published reviewed mapping source of truth.,,published_mapping_review,gpt-oss-120b-high
eci,eci:0063,Gemini 2.5 Flash (Apr 2025),gemini-2.5-flash,Gemini 2.5 Flash (Apr 2025),accepted,qa_passed,seed-medium,Gemini 2,legacy_bridge_column,,unknown,,reasoning,,,legacy_source_column:llm_chess_model,Generated from the legacy ECI bridge-column workflow and retained as the published reviewed mapping source of truth.,,published_mapping_review,gemini-2.5-flash
eci,eci:0064,Kimi K2 (Jul 2025),,Kimi K2 (Jul 2025),unmatched,qa_passed,low,Kimi,legacy_bridge_column,,unknown,,,,,legacy_source_column:llm_chess_model,Generated from the legacy ECI bridge-column workflow and retained as the published reviewed mapping source of truth.,No legacy bridge value present.,published_mapping_review,
eci,eci:0065,Gemini 2.5 Flash (Jun 2025),gemini-2.5-flash,Gemini 2.5 Flash (Jun 2025),accepted,qa_passed,seed-medium,Gemini 2,legacy_bridge_column,,unknown,,reasoning,,,legacy_source_column:llm_chess_model,Generated from the legacy ECI bridge-column workflow and retained as the published reviewed mapping source of truth.,,published_mapping_review,gemini-2.5-flash
eci,eci:0066,DeepSeek-R1,deepseek-r1,DeepSeek-R1,accepted,qa_passed,seed-medium,DeepSeek,legacy_bridge_column,,unknown,,reasoning,,,legacy_source_column:llm_chess_model,Generated from the legacy ECI bridge-column workflow and retained as the published reviewed mapping source of truth.,,published_mapping_review,deepseek-r1
eci,eci:0067,Qwen3-235B-A22B,,Qwen3-235B-A22B,unmatched,qa_passed,low,Qwen3,legacy_bridge_column,,unknown,,,,,legacy_source_column:llm_chess_model,Generated from the legacy ECI bridge-column workflow and retained as the published reviewed mapping source of truth.,No legacy bridge value present.,published_mapping_review,
eci,eci:0068,Grok 3,grok-3-beta,Grok 3,accepted,qa_passed,seed-medium,Grok,legacy_bridge_column,,unknown,,not_reasoning,,,legacy_source_column:llm_chess_model,Generated from the legacy ECI bridge-column workflow and retained as the published reviewed mapping source of truth.,,published_mapping_review,grok-3-beta
eci,eci:0069,Qwen3-235B-A22B-Instruct (Jul 2025),qwen-3-235b-a22b-instruct-2507,Qwen3-235B-A22B-Instruct (Jul 2025),accepted,qa_passed,seed-medium,Qwen3,legacy_bridge_column,,unknown,,not_reasoning,,,legacy_source_column:llm_chess_model,Generated from the legacy ECI bridge-column workflow and retained as the published reviewed mapping source of truth.,,published_mapping_review,qwen-3-235b-a22b-instruct-2507
eci,eci:0070,DeepSeek-V3.1,,DeepSeek-V3.1,unmatched,qa_passed,low,DeepSeek-V3,legacy_bridge_column,,unknown,,,,,legacy_source_column:llm_chess_model,Generated from the legacy ECI bridge-column workflow and retained as the published reviewed mapping source of truth.,No legacy bridge value present.,published_mapping_review,
eci,eci:0071,GPT-4.5,gpt-4.5-preview,GPT-4.5,accepted,qa_passed,seed-medium,GPT-4,legacy_bridge_column,,unknown,,not_reasoning,,,legacy_source_column:llm_chess_model,Generated from the legacy ECI bridge-column workflow and retained as the published reviewed mapping source of truth.,,published_mapping_review,gpt-4.5-preview
eci,eci:0072,GPT-4.1,gpt-4.1,GPT-4.1,accepted,qa_passed,seed-medium,GPT-4,legacy_bridge_column,,unknown,,not_reasoning,,,legacy_source_column:llm_chess_model,Generated from the legacy ECI bridge-column workflow and retained as the published reviewed mapping source of truth.,,published_mapping_review,gpt-4.1
eci,eci:0073,DeepSeek-V3 (Mar 2025),deepseek-v3-0324,DeepSeek-V3 (Mar 2025),accepted,qa_passed,seed-medium,DeepSeek,legacy_bridge_column,,unknown,,not_reasoning,,,legacy_source_column:llm_chess_model,Generated from the legacy ECI bridge-column workflow and retained as the published reviewed mapping source of truth.,,published_mapping_review,deepseek-v3-0324
eci,eci:0074,o1-mini,o1-mini,o1-mini,accepted,qa_passed,seed-medium,o1,legacy_bridge_column,,unknown,,reasoning,,,legacy_source_column:llm_chess_model,Generated from the legacy ECI bridge-column workflow and retained as the published reviewed mapping source of truth.,,published_mapping_review,o1-mini
eci,eci:0075,Gemini 2.0 Flash Thinking (Jan 2025),gemini-2.0-flash-thinking-exp-01-21,Gemini 2.0 Flash Thinking (Jan 2025),accepted,qa_passed,seed-medium,Gemini 2,legacy_bridge_column,,unknown,,reasoning,,,legacy_source_column:llm_chess_model,Generated from the legacy ECI bridge-column workflow and retained as the published reviewed mapping source of truth.,,published_mapping_review,gemini-2.0-flash-thinking-exp-01-21
eci,eci:0076,o1-preview,o1-preview,o1-preview,accepted,qa_passed,seed-medium,o1,legacy_bridge_column,,unknown,,reasoning,,,legacy_source_column:llm_chess_model,Generated from the legacy ECI bridge-column workflow and retained as the published reviewed mapping source of truth.,,published_mapping_review,o1-preview
eci,eci:0077,Gemini 2.0 Flash (Feb 2025),gemini-2.0-flash-001,Gemini 2.0 Flash (Feb 2025),accepted,qa_passed,seed-medium,Gemini 2,legacy_bridge_column,,unknown,,not_reasoning,,,legacy_source_column:llm_chess_model,Generated from the legacy ECI bridge-column workflow and retained as the published reviewed mapping source of truth.,,published_mapping_review,gemini-2.0-flash-001
eci,eci:0078,GPT-4.1 mini,gpt-4.1-mini,GPT-4.1 mini,accepted,qa_passed,seed-medium,GPT-4,legacy_bridge_column,,unknown,,not_reasoning,,,legacy_source_column:llm_chess_model,Generated from the legacy ECI bridge-column workflow and retained as the published reviewed mapping source of truth.,,published_mapping_review,gpt-4.1-mini
eci,eci:0079,Gemini 2.0 Pro,,Gemini 2.0 Pro,unmatched,qa_passed,low,Gemini 2,legacy_bridge_column,,unknown,,,,,legacy_source_column:llm_chess_model,Generated from the legacy ECI bridge-column workflow and retained as the published reviewed mapping source of truth.,No legacy bridge value present.,published_mapping_review,
eci,eci:0080,Mistral Medium 3,,Mistral Medium 3,unmatched,qa_passed,low,Mistral,legacy_bridge_column,,unknown,,,,,legacy_source_column:llm_chess_model,Generated from the legacy ECI bridge-column workflow and retained as the published reviewed mapping source of truth.,No legacy bridge value present.,published_mapping_review,
eci,eci:0081,Gemini 2.0 Flash (Dec 2024),gemini-2.0-flash-001,Gemini 2.0 Flash (Dec 2024),accepted,qa_passed,seed-medium,Gemini 2,legacy_bridge_column,,unknown,,not_reasoning,,,legacy_source_column:llm_chess_model,Generated from the legacy ECI bridge-column workflow and retained as the published reviewed mapping source of truth.,,published_mapping_review,gemini-2.0-flash-001
eci,eci:0082,Claude 3.5 Sonnet (October 2024),claude-3-5-sonnet-v2,Claude 3.5 Sonnet (October 2024),accepted,qa_passed,seed-medium,Claude 3,legacy_bridge_column,,unknown,,not_reasoning,,,legacy_source_column:llm_chess_model,Generated from the legacy ECI bridge-column workflow and retained as the published reviewed mapping source of truth.,,published_mapping_review,claude-3-5-sonnet-v2
eci,eci:0083,Qwen2.5-Max,qwen-max,Qwen2.5-Max,accepted,qa_passed,seed-medium,Qwen2,legacy_bridge_column,,unknown,,not_reasoning,max,,legacy_source_column:llm_chess_model,Generated from the legacy ECI bridge-column workflow and retained as the published reviewed mapping source of truth.,,published_mapping_review,qwen-max
eci,eci:0084,Magistral Small 1.1,magistral-small,Magistral Small 1.1,accepted,qa_passed,seed-medium,Magistral Small 1,legacy_bridge_column,,unknown,,not_reasoning,,,legacy_source_column:llm_chess_model,Generated from the legacy ECI bridge-column workflow and retained as the published reviewed mapping source of truth.,,published_mapping_review,magistral-small
eci,eci:0085,DeepSeek-V3,deepseek-v3,DeepSeek-V3,accepted,qa_passed,seed-medium,DeepSeek,legacy_bridge_column,,unknown,,not_reasoning,,,legacy_source_column:llm_chess_model,Generated from the legacy ECI bridge-column workflow and retained as the published reviewed mapping source of truth.,,published_mapping_review,deepseek-v3
eci,eci:0086,Llama 4 Maverick,llama-4-maverick-17b-128e-instruct,Llama 4 Maverick,accepted,qa_passed,seed-medium,Llama,legacy_bridge_column,,unknown,,not_reasoning,,,legacy_source_column:llm_chess_model,Generated from the legacy ECI bridge-column workflow and retained as the published reviewed mapping source of truth.,,published_mapping_review,llama-4-maverick-17b-128e-instruct
eci,eci:0087,Gemini 1.5 Pro (Sept 2024),gemini-1.5-pro-preview,Gemini 1.5 Pro (Sept 2024),accepted,qa_passed,seed-medium,Gemini 1,legacy_bridge_column,,unknown,,not_reasoning,,,legacy_source_column:llm_chess_model,Generated from the legacy ECI bridge-column workflow and retained as the published reviewed mapping source of truth.,,published_mapping_review,gemini-1.5-pro-preview
eci,eci:0088,Phi-4,phi-4,Phi-4,accepted,qa_passed,seed-medium,Phi,legacy_bridge_column,,unknown,,not_reasoning,,,legacy_source_column:llm_chess_model,Generated from the legacy ECI bridge-column workflow and retained as the published reviewed mapping source of truth.,,published_mapping_review,phi-4
eci,eci:0089,Gemma 3 27B,google_gemma-3-27b-it@iq4_xs,Gemma 3 27B,accepted,qa_passed,seed-medium,Gemma,legacy_bridge_column,,unknown,,not_reasoning,,,legacy_source_column:llm_chess_model,Generated from the legacy ECI bridge-column workflow and retained as the published reviewed mapping source of truth.,,published_mapping_review,google_gemma-3-27b-it@iq4_xs
eci,eci:0090,GPT-4.1 nano,gpt-4.1-nano,GPT-4.1 nano,accepted,qa_passed,seed-medium,GPT-4,legacy_bridge_column,,unknown,,not_reasoning,,,legacy_source_column:llm_chess_model,Generated from the legacy ECI bridge-column workflow and retained as the published reviewed mapping source of truth.,,published_mapping_review,gpt-4.1-nano
eci,eci:0091,Grok-2 (Dec 2024),grok-2,Grok-2 (Dec 2024),accepted,qa_passed,seed-medium,Grok,legacy_bridge_column,,unknown,,not_reasoning,,,legacy_source_column:llm_chess_model,Generated from the legacy ECI bridge-column workflow and retained as the published reviewed mapping source of truth.,,published_mapping_review,grok-2
eci,eci:0092,Llama 4 Scout,,Llama 4 Scout,unmatched,qa_passed,low,Llama,legacy_bridge_column,,unknown,,,,,legacy_source_column:llm_chess_model,Generated from the legacy ECI bridge-column workflow and retained as the published reviewed mapping source of truth.,No legacy bridge value present.,published_mapping_review,
eci,eci:0093,Gemini 1.5 Flash (Sep 2024),gemini-1.5-flash-001,Gemini 1.5 Flash (Sep 2024),accepted,qa_passed,seed-medium,Gemini 1,legacy_bridge_column,,unknown,,not_reasoning,,,legacy_source_column:llm_chess_model,Generated from the legacy ECI bridge-column workflow and retained as the published reviewed mapping source of truth.,,published_mapping_review,gemini-1.5-flash-001
eci,eci:0094,Claude 3.5 Sonnet,claude-3-5-sonnet,Claude 3.5 Sonnet,accepted,qa_passed,seed-medium,Claude 3,legacy_bridge_column,,unknown,,not_reasoning,,,legacy_source_column:llm_chess_model,Generated from the legacy ECI bridge-column workflow and retained as the published reviewed mapping source of truth.,,published_mapping_review,claude-3-5-sonnet
eci,eci:0095,Qwen2.5-72B,qwen2.5-72b-instruct,Qwen2.5-72B,accepted,qa_passed,seed-medium,Qwen2,legacy_bridge_column,,unknown,,not_reasoning,,,legacy_source_column:llm_chess_model,Generated from the legacy ECI bridge-column workflow and retained as the published reviewed mapping source of truth.,,published_mapping_review,qwen2.5-72b-instruct
eci,eci:0096,GPT-4o (Nov 2024),gpt-4o-2024-11-20,GPT-4o (Nov 2024),accepted,qa_passed,seed-medium,GPT,legacy_bridge_column,,unknown,,not_reasoning,,,legacy_source_column:llm_chess_model,Generated from the legacy ECI bridge-column workflow and retained as the published reviewed mapping source of truth.,,published_mapping_review,gpt-4o-2024-11-20
eci,eci:0097,GPT-4o (Aug 2024),gpt-4o-2024-08-06,GPT-4o (Aug 2024),accepted,qa_passed,seed-medium,GPT,legacy_bridge_column,,unknown,,not_reasoning,,,legacy_source_column:llm_chess_model,Generated from the legacy ECI bridge-column workflow and retained as the published reviewed mapping source of truth.,,published_mapping_review,gpt-4o-2024-08-06
eci,eci:0098,Llama 3.1-405B,,Llama 3.1-405B,unmatched,qa_passed,low,Llama 3,legacy_bridge_column,,unknown,,,,,legacy_source_column:llm_chess_model,Generated from the legacy ECI bridge-column workflow and retained as the published reviewed mapping source of truth.,No legacy bridge value present.,published_mapping_review,
eci,eci:0099,GPT-4o (May 2024),gpt-4o-2024-05-13,GPT-4o (May 2024),accepted,qa_passed,seed-medium,GPT,legacy_bridge_column,,unknown,,not_reasoning,,,legacy_source_column:llm_chess_model,Generated from the legacy ECI bridge-column workflow and retained as the published reviewed mapping source of truth.,,published_mapping_review,gpt-4o-2024-05-13
eci,eci:0100,Mistral Large 2 (Nov 2024),,Mistral Large 2 (Nov 2024),unmatched,qa_passed,low,Mistral,legacy_bridge_column,,unknown,,,,,legacy_source_column:llm_chess_model,Generated from the legacy ECI bridge-column workflow and retained as the published reviewed mapping source of truth.,No legacy bridge value present.,published_mapping_review,
eci,eci:0101,Gemini 1.5 Pro (Feb 2024),gemini-1.5-pro-preview,Gemini 1.5 Pro (Feb 2024),accepted,qa_passed,seed-medium,Gemini 1,legacy_bridge_column,,unknown,,not_reasoning,,,legacy_source_column:llm_chess_model,Generated from the legacy ECI bridge-column workflow and retained as the published reviewed mapping source of truth.,,published_mapping_review,gemini-1.5-pro-preview
eci,eci:0102,GPT-4 Turbo (Apr 2024),gpt-4-turbo,GPT-4 Turbo (Apr 2024),accepted,qa_passed,seed-medium,GPT,legacy_bridge_column,,unknown,,not_reasoning,,,legacy_source_column:llm_chess_model,Generated from the legacy ECI bridge-column workflow and retained as the published reviewed mapping source of truth.,,published_mapping_review,gpt-4-turbo
eci,eci:0103,Mistral Large 2 (Jul 2024),,Mistral Large 2 (Jul 2024),unmatched,qa_passed,low,Mistral,legacy_bridge_column,,unknown,,,,,legacy_source_column:llm_chess_model,Generated from the legacy ECI bridge-column workflow and retained as the published reviewed mapping source of truth.,No legacy bridge value present.,published_mapping_review,
eci,eci:0104,Claude 3.5 Haiku,claude-3-5-haiku,Claude 3.5 Haiku,accepted,qa_passed,seed-medium,Claude 3,legacy_bridge_column,,unknown,,not_reasoning,,,legacy_source_column:llm_chess_model,Generated from the legacy ECI bridge-column workflow and retained as the published reviewed mapping source of truth.,,published_mapping_review,claude-3-5-haiku
eci,eci:0105,Llama 3.3 70B,llama-3.3-70b,Llama 3.3 70B,accepted,qa_passed,seed-medium,Llama 3,legacy_bridge_column,,unknown,,not_reasoning,,,legacy_source_column:llm_chess_model,Generated from the legacy ECI bridge-column workflow and retained as the published reviewed mapping source of truth.,,published_mapping_review,llama-3.3-70b
eci,eci:0106,Gemini 1.5 Pro (May 2024),gemini-1.5-pro-preview,Gemini 1.5 Pro (May 2024),accepted,qa_passed,seed-medium,Gemini 1,legacy_bridge_column,,unknown,,not_reasoning,,,legacy_source_column:llm_chess_model,Generated from the legacy ECI bridge-column workflow and retained as the published reviewed mapping source of truth.,,published_mapping_review,gemini-1.5-pro-preview
eci,eci:0107,GPT-4o mini,gpt-4o-mini,GPT-4o mini,accepted,qa_passed,seed-medium,GPT,legacy_bridge_column,,unknown,,not_reasoning,,,legacy_source_column:llm_chess_model,Generated from the legacy ECI bridge-column workflow and retained as the published reviewed mapping source of truth.,,published_mapping_review,gpt-4o-mini
eci,eci:0108,Claude 3 Opus,claude-3-opus,Claude 3 Opus,accepted,qa_passed,seed-medium,Claude,legacy_bridge_column,,unknown,,not_reasoning,,,legacy_source_column:llm_chess_model,Generated from the legacy ECI bridge-column workflow and retained as the published reviewed mapping source of truth.,,published_mapping_review,claude-3-opus
eci,eci:0109,GPT-4 (Mar 2023),gpt-4,GPT-4 (Mar 2023),accepted,qa_passed,seed-medium,GPT,legacy_bridge_column,,unknown,,not_reasoning,,,legacy_source_column:llm_chess_model,Generated from the legacy ECI bridge-column workflow and retained as the published reviewed mapping source of truth.,,published_mapping_review,gpt-4
eci,eci:0110,Llama 3.2 90B,,Llama 3.2 90B,unmatched,qa_passed,low,Llama 3,legacy_bridge_column,,unknown,,,,,legacy_source_column:llm_chess_model,Generated from the legacy ECI bridge-column workflow and retained as the published reviewed mapping source of truth.,No legacy bridge value present.,published_mapping_review,
eci,eci:0111,Qwen2-72B,,Qwen2-72B,unmatched,qa_passed,low,Qwen2,legacy_bridge_column,,unknown,,,,,legacy_source_column:llm_chess_model,Generated from the legacy ECI bridge-column workflow and retained as the published reviewed mapping source of truth.,No legacy bridge value present.,published_mapping_review,
eci,eci:0112,Llama 3.1-70B,,Llama 3.1-70B,unmatched,qa_passed,low,Llama 3,legacy_bridge_column,,unknown,,,,,legacy_source_column:llm_chess_model,Generated from the legacy ECI bridge-column workflow and retained as the published reviewed mapping source of truth.,No legacy bridge value present.,published_mapping_review,
eci,eci:0113,"DeepSeek-V2 (MoE-236B, May 2024)",,"DeepSeek-V2 (MoE-236B, May 2024)",unmatched,qa_passed,low,DeepSeek,legacy_bridge_column,,unknown,,,,,legacy_source_column:llm_chess_model,Generated from the legacy ECI bridge-column workflow and retained as the published reviewed mapping source of truth.,No legacy bridge value present.,published_mapping_review,
eci,eci:0114,Llama 3-70B,llama-3-70b-instruct-awq,Llama 3-70B,accepted,qa_passed,seed-medium,Llama,legacy_bridge_column,,unknown,,not_reasoning,,,legacy_source_column:llm_chess_model,Generated from the legacy ECI bridge-column workflow and retained as the published reviewed mapping source of truth.,,published_mapping_review,llama-3-70b-instruct-awq
eci,eci:0115,Gemini 1.5 Flash (May 2024),gemini-1.5-flash-001,Gemini 1.5 Flash (May 2024),accepted,qa_passed,seed-medium,Gemini 1,legacy_bridge_column,,unknown,,not_reasoning,,,legacy_source_column:llm_chess_model,Generated from the legacy ECI bridge-column workflow and retained as the published reviewed mapping source of truth.,,published_mapping_review,gemini-1.5-flash-001
eci,eci:0116,Gemma 2 27B,gemma-2-27b-it@q6_k_l,Gemma 2 27B,accepted,qa_passed,seed-medium,Gemma,legacy_bridge_column,,unknown,,not_reasoning,,,legacy_source_column:llm_chess_model,Generated from the legacy ECI bridge-column workflow and retained as the published reviewed mapping source of truth.,,published_mapping_review,gemma-2-27b-it@q6_k_l
eci,eci:0117,GPT-4 (Jun 2023),gpt-4,GPT-4 (Jun 2023),accepted,qa_passed,seed-medium,GPT,legacy_bridge_column,,unknown,,not_reasoning,,,legacy_source_column:llm_chess_model,Generated from the legacy ECI bridge-column workflow and retained as the published reviewed mapping source of truth.,,published_mapping_review,gpt-4
eci,eci:0118,phi-3-small 7.4B,,phi-3-small 7.4B,unmatched,qa_passed,low,phi-3-small 7,legacy_bridge_column,,unknown,,,,,legacy_source_column:llm_chess_model,Generated from the legacy ECI bridge-column workflow and retained as the published reviewed mapping source of truth.,No legacy bridge value present.,published_mapping_review,
eci,eci:0119,Mixtral 8x22B,,Mixtral 8x22B,unmatched,qa_passed,low,Mixtral,legacy_bridge_column,,unknown,,,,,legacy_source_column:llm_chess_model,Generated from the legacy ECI bridge-column workflow and retained as the published reviewed mapping source of truth.,No legacy bridge value present.,published_mapping_review,
eci,eci:0120,Mistral Large,,Mistral Large,unmatched,qa_passed,low,Mistral,legacy_bridge_column,,unknown,,,,,legacy_source_column:llm_chess_model,Generated from the legacy ECI bridge-column workflow and retained as the published reviewed mapping source of truth.,No legacy bridge value present.,published_mapping_review,
eci,eci:0121,phi-3-medium 14B,,phi-3-medium 14B,unmatched,qa_passed,low,phi,legacy_bridge_column,,unknown,,,,,legacy_source_column:llm_chess_model,Generated from the legacy ECI bridge-column workflow and retained as the published reviewed mapping source of truth.,No legacy bridge value present.,published_mapping_review,
eci,eci:0122,Claude Instant,,Claude Instant,unmatched,qa_passed,low,Claude,legacy_bridge_column,,unknown,,,,,legacy_source_column:llm_chess_model,Generated from the legacy ECI bridge-column workflow and retained as the published reviewed mapping source of truth.,No legacy bridge value present.,published_mapping_review,
eci,eci:0123,Claude 3 Sonnet,claude-3-sonnet,Claude 3 Sonnet,accepted,qa_passed,seed-medium,Claude,legacy_bridge_column,,unknown,,not_reasoning,,,legacy_source_column:llm_chess_model,Generated from the legacy ECI bridge-column workflow and retained as the published reviewed mapping source of truth.,,published_mapping_review,claude-3-sonnet
eci,eci:0124,Claude 2,claude-2,Claude 2,accepted,qa_passed,seed-medium,Claude,legacy_bridge_column,,unknown,,not_reasoning,,,legacy_source_column:llm_chess_model,Generated from the legacy ECI bridge-column workflow and retained as the published reviewed mapping source of truth.,,published_mapping_review,claude-2
eci,eci:0125,Gemma 2 9B,gemma-2-9b-it-8bit,Gemma 2 9B,accepted,qa_passed,seed-medium,Gemma,legacy_bridge_column,,unknown,,not_reasoning,,,legacy_source_column:llm_chess_model,Generated from the legacy ECI bridge-column workflow and retained as the published reviewed mapping source of truth.,,published_mapping_review,gemma-2-9b-it-8bit
eci,eci:0126,Qwen2.5-Coder-32B,,Qwen2.5-Coder-32B,unmatched,qa_passed,low,Qwen2,legacy_bridge_column,,unknown,,,,,legacy_source_column:llm_chess_model,Generated from the legacy ECI bridge-column workflow and retained as the published reviewed mapping source of truth.,No legacy bridge value present.,published_mapping_review,
eci,eci:0127,Mistral NeMo,mistral-nemo-12b-instruct,Mistral NeMo,accepted,qa_passed,seed-medium,Mistral,legacy_bridge_column,,unknown,,not_reasoning,,,legacy_source_column:llm_chess_model,Generated from the legacy ECI bridge-column workflow and retained as the published reviewed mapping source of truth.,,published_mapping_review,mistral-nemo-12b-instruct
eci,eci:0128,Claude 2.1,claude-2-1,Claude 2.1,accepted,qa_passed,seed-medium,Claude 2,legacy_bridge_column,,unknown,,not_reasoning,,,legacy_source_column:llm_chess_model,Generated from the legacy ECI bridge-column workflow and retained as the published reviewed mapping source of truth.,,published_mapping_review,claude-2-1
eci,eci:0129,GPT-3.5 Turbo (Nov 2023),gpt-35-turbo-1106,GPT-3.5 Turbo (Nov 2023),accepted,qa_passed,seed-medium,GPT-3,legacy_bridge_column,,unknown,,not_reasoning,,,legacy_source_column:llm_chess_model,Generated from the legacy ECI bridge-column workflow and retained as the published reviewed mapping source of truth.,,published_mapping_review,gpt-35-turbo-1106
eci,eci:0130,Mixtral 8x7B,,Mixtral 8x7B,unmatched,qa_passed,low,Mixtral,legacy_bridge_column,,unknown,,,,,legacy_source_column:llm_chess_model,Generated from the legacy ECI bridge-column workflow and retained as the published reviewed mapping source of truth.,No legacy bridge value present.,published_mapping_review,
eci,eci:0131,Claude 3 Haiku,claude-3-haiku,Claude 3 Haiku,accepted,qa_passed,seed-medium,Claude,legacy_bridge_column,,unknown,,not_reasoning,,,legacy_source_column:llm_chess_model,Generated from the legacy ECI bridge-column workflow and retained as the published reviewed mapping source of truth.,,published_mapping_review,claude-3-haiku
eci,eci:0132,Yi-34B,,Yi-34B,unmatched,qa_passed,low,Yi,legacy_bridge_column,,unknown,,,,,legacy_source_column:llm_chess_model,Generated from the legacy ECI bridge-column workflow and retained as the published reviewed mapping source of truth.,No legacy bridge value present.,published_mapping_review,
eci,eci:0133,Gemini 1.0 Pro,,Gemini 1.0 Pro,unmatched,qa_passed,low,Gemini 1,legacy_bridge_column,,unknown,,,,,legacy_source_column:llm_chess_model,Generated from the legacy ECI bridge-column workflow and retained as the published reviewed mapping source of truth.,No legacy bridge value present.,published_mapping_review,
eci,eci:0134,phi-3-mini 3.8B,,phi-3-mini 3.8B,unmatched,qa_passed,low,phi-3-mini 3,legacy_bridge_column,,unknown,,,,,legacy_source_column:llm_chess_model,Generated from the legacy ECI bridge-column workflow and retained as the published reviewed mapping source of truth.,No legacy bridge value present.,published_mapping_review,
eci,eci:0135,Stable Beluga 2,,Stable Beluga 2,unmatched,qa_passed,low,Stable,legacy_bridge_column,,unknown,,,,,legacy_source_column:llm_chess_model,Generated from the legacy ECI bridge-column workflow and retained as the published reviewed mapping source of truth.,No legacy bridge value present.,published_mapping_review,
eci,eci:0136,Llama 3-8B,llama3-8b-8192,Llama 3-8B,accepted,qa_passed,seed-medium,Llama,legacy_bridge_column,,unknown,,not_reasoning,,,legacy_source_column:llm_chess_model,Generated from the legacy ECI bridge-column workflow and retained as the published reviewed mapping source of truth.,,published_mapping_review,llama3-8b-8192
eci,eci:0137,Llama 3.1-8B,llama3.1-8b,Llama 3.1-8B,accepted,qa_passed,seed-medium,Llama 3,legacy_bridge_column,,unknown,,not_reasoning,,,legacy_source_column:llm_chess_model,Generated from the legacy ECI bridge-column workflow and retained as the published reviewed mapping source of truth.,,published_mapping_review,llama3.1-8b
eci,eci:0138,GPT-3.5 Turbo (Jan 2024),gpt-35-turbo-0125,GPT-3.5 Turbo (Jan 2024),accepted,qa_passed,seed-medium,GPT-3,legacy_bridge_column,,unknown,,not_reasoning,,,legacy_source_column:llm_chess_model,Generated from the legacy ECI bridge-column workflow and retained as the published reviewed mapping source of truth.,,published_mapping_review,gpt-35-turbo-0125
eci,eci:0139,Llama 2-70B,,Llama 2-70B,unmatched,qa_passed,low,Llama,legacy_bridge_column,,unknown,,,,,legacy_source_column:llm_chess_model,Generated from the legacy ECI bridge-column workflow and retained as the published reviewed mapping source of truth.,No legacy bridge value present.,published_mapping_review,
eci,eci:0140,GPT-3.5 Turbo (Jun 2023),gpt-35-turbo-0613,GPT-3.5 Turbo (Jun 2023),accepted,qa_passed,seed-medium,GPT-3,legacy_bridge_column,,unknown,,not_reasoning,,,legacy_source_column:llm_chess_model,Generated from the legacy ECI bridge-column workflow and retained as the published reviewed mapping source of truth.,,published_mapping_review,gpt-35-turbo-0613
eci,eci:0141,Qwen2.5-Coder (7B),,Qwen2.5-Coder (7B),unmatched,qa_passed,low,Qwen2,legacy_bridge_column,,unknown,,,,,legacy_source_column:llm_chess_model,Generated from the legacy ECI bridge-column workflow and retained as the published reviewed mapping source of truth.,No legacy bridge value present.,published_mapping_review,
eci,eci:0142,Qwen-14B,,Qwen-14B,unmatched,qa_passed,low,Qwen,legacy_bridge_column,,unknown,,,,,legacy_source_column:llm_chess_model,Generated from the legacy ECI bridge-column workflow and retained as the published reviewed mapping source of truth.,No legacy bridge value present.,published_mapping_review,
eci,eci:0143,Mistral 7B v0.1,,Mistral 7B v0.1,unmatched,qa_passed,low,Mistral 7B v0,legacy_bridge_column,,unknown,,,,,legacy_source_column:llm_chess_model,Generated from the legacy ECI bridge-column workflow and retained as the published reviewed mapping source of truth.,No legacy bridge value present.,published_mapping_review,
eci,eci:0144,Falcon-180B,,Falcon-180B,unmatched,qa_passed,low,Falcon,legacy_bridge_column,,unknown,,,,,legacy_source_column:llm_chess_model,Generated from the legacy ECI bridge-column workflow and retained as the published reviewed mapping source of truth.,No legacy bridge value present.,published_mapping_review,
eci,eci:0145,Gemma 7B,,Gemma 7B,unmatched,qa_passed,low,Gemma,legacy_bridge_column,,unknown,,,,,legacy_source_column:llm_chess_model,Generated from the legacy ECI bridge-column workflow and retained as the published reviewed mapping source of truth.,No legacy bridge value present.,published_mapping_review,
eci,eci:0146,LLaMA-65B,,LLaMA-65B,unmatched,qa_passed,low,LLaMA,legacy_bridge_column,,unknown,,,,,legacy_source_column:llm_chess_model,Generated from the legacy ECI bridge-column workflow and retained as the published reviewed mapping source of truth.,No legacy bridge value present.,published_mapping_review,
eci,eci:0147,Falcon 2 11B,,Falcon 2 11B,unmatched,qa_passed,low,Falcon,legacy_bridge_column,,unknown,,,,,legacy_source_column:llm_chess_model,Generated from the legacy ECI bridge-column workflow and retained as the published reviewed mapping source of truth.,No legacy bridge value present.,published_mapping_review,
eci,eci:0148,Phi-2,,Phi-2,unmatched,qa_passed,low,Phi,legacy_bridge_column,,unknown,,,,,legacy_source_column:llm_chess_model,Generated from the legacy ECI bridge-column workflow and retained as the published reviewed mapping source of truth.,No legacy bridge value present.,published_mapping_review,
eci,eci:0149,Nemotron-4 15B,,Nemotron-4 15B,unmatched,qa_passed,low,Nemotron,legacy_bridge_column,,unknown,,,,,legacy_source_column:llm_chess_model,Generated from the legacy ECI bridge-column workflow and retained as the published reviewed mapping source of truth.,No legacy bridge value present.,published_mapping_review,
eci,eci:0150,LLaMA-33B,,LLaMA-33B,unmatched,qa_passed,low,LLaMA,legacy_bridge_column,,unknown,,,,,legacy_source_column:llm_chess_model,Generated from the legacy ECI bridge-column workflow and retained as the published reviewed mapping source of truth.,No legacy bridge value present.,published_mapping_review,
eci,eci:0151,Qwen-7B,,Qwen-7B,unmatched,qa_passed,low,Qwen,legacy_bridge_column,,unknown,,,,,legacy_source_column:llm_chess_model,Generated from the legacy ECI bridge-column workflow and retained as the published reviewed mapping source of truth.,No legacy bridge value present.,published_mapping_review,
eci,eci:0152,Llama 2-13B,,Llama 2-13B,unmatched,qa_passed,low,Llama,legacy_bridge_column,,unknown,,,,,legacy_source_column:llm_chess_model,Generated from the legacy ECI bridge-column workflow and retained as the published reviewed mapping source of truth.,No legacy bridge value present.,published_mapping_review,
eci,eci:0153,StarCoder 2 15B,,StarCoder 2 15B,unmatched,qa_passed,low,StarCoder,legacy_bridge_column,,unknown,,,,,legacy_source_column:llm_chess_model,Generated from the legacy ECI bridge-column workflow and retained as the published reviewed mapping source of truth.,No legacy bridge value present.,published_mapping_review,
eci,eci:0154,Llama 2-34B,,Llama 2-34B,unmatched,qa_passed,low,Llama,legacy_bridge_column,,unknown,,,,,legacy_source_column:llm_chess_model,Generated from the legacy ECI bridge-column workflow and retained as the published reviewed mapping source of truth.,No legacy bridge value present.,published_mapping_review,
eci,eci:0155,Yi 6B,,Yi 6B,unmatched,qa_passed,low,Yi,legacy_bridge_column,,unknown,,,,,legacy_source_column:llm_chess_model,Generated from the legacy ECI bridge-column workflow and retained as the published reviewed mapping source of truth.,No legacy bridge value present.,published_mapping_review,
eci,eci:0156,Falcon-40B,,Falcon-40B,unmatched,qa_passed,low,Falcon,legacy_bridge_column,,unknown,,,,,legacy_source_column:llm_chess_model,Generated from the legacy ECI bridge-column workflow and retained as the published reviewed mapping source of truth.,No legacy bridge value present.,published_mapping_review,
eci,eci:0157,Qwen2.5-Coder (1.5B),,Qwen2.5-Coder (1.5B),unmatched,qa_passed,low,Qwen2,legacy_bridge_column,,unknown,,,,,legacy_source_column:llm_chess_model,Generated from the legacy ECI bridge-column workflow and retained as the published reviewed mapping source of truth.,No legacy bridge value present.,published_mapping_review,
eci,eci:0158,Baichuan2-13B,,Baichuan2-13B,unmatched,qa_passed,low,Baichuan2,legacy_bridge_column,,unknown,,,,,legacy_source_column:llm_chess_model,Generated from the legacy ECI bridge-column workflow and retained as the published reviewed mapping source of truth.,No legacy bridge value present.,published_mapping_review,
eci,eci:0159,INTELLECT-1,,INTELLECT-1,unmatched,qa_passed,low,INTELLECT,legacy_bridge_column,,unknown,,,,,legacy_source_column:llm_chess_model,Generated from the legacy ECI bridge-column workflow and retained as the published reviewed mapping source of truth.,No legacy bridge value present.,published_mapping_review,
eci,eci:0160,MPT-30B,,MPT-30B,unmatched,qa_passed,low,MPT,legacy_bridge_column,,unknown,,,,,legacy_source_column:llm_chess_model,Generated from the legacy ECI bridge-column workflow and retained as the published reviewed mapping source of truth.,No legacy bridge value present.,published_mapping_review,
eci,eci:0161,LLaMA-13B,,LLaMA-13B,unmatched,qa_passed,low,LLaMA,legacy_bridge_column,,unknown,,,,,legacy_source_column:llm_chess_model,Generated from the legacy ECI bridge-column workflow and retained as the published reviewed mapping source of truth.,No legacy bridge value present.,published_mapping_review,
eci,eci:0162,Llama 2-7B,llama-2-7b-chat,Llama 2-7B,accepted,qa_passed,seed-medium,Llama,legacy_bridge_column,,unknown,,not_reasoning,,,legacy_source_column:llm_chess_model,Generated from the legacy ECI bridge-column workflow and retained as the published reviewed mapping source of truth.,,published_mapping_review,llama-2-7b-chat
eci,eci:0163,DeepSeek Coder 33B,,DeepSeek Coder 33B,unmatched,qa_passed,low,DeepSeek,legacy_bridge_column,,unknown,,,,,legacy_source_column:llm_chess_model,Generated from the legacy ECI bridge-column workflow and retained as the published reviewed mapping source of truth.,No legacy bridge value present.,published_mapping_review,
eci,eci:0164,LLaMA-7B,,LLaMA-7B,unmatched,qa_passed,low,LLaMA,legacy_bridge_column,,unknown,,,,,legacy_source_column:llm_chess_model,Generated from the legacy ECI bridge-column workflow and retained as the published reviewed mapping source of truth.,No legacy bridge value present.,published_mapping_review,
eci,eci:0165,Baichuan 2-7B,,Baichuan 2-7B,unmatched,qa_passed,low,Baichuan,legacy_bridge_column,,unknown,,,,,legacy_source_column:llm_chess_model,Generated from the legacy ECI bridge-column workflow and retained as the published reviewed mapping source of truth.,No legacy bridge value present.,published_mapping_review,
eci,eci:0166,Falcon-7B,,Falcon-7B,unmatched,qa_passed,low,Falcon,legacy_bridge_column,,unknown,,,,,legacy_source_column:llm_chess_model,Generated from the legacy ECI bridge-column workflow and retained as the published reviewed mapping source of truth.,No legacy bridge value present.,published_mapping_review,
eci,eci:0167,Gemma 2B,,Gemma 2B,unmatched,qa_passed,low,Gemma,legacy_bridge_column,,unknown,,,,,legacy_source_column:llm_chess_model,Generated from the legacy ECI bridge-column workflow and retained as the published reviewed mapping source of truth.,No legacy bridge value present.,published_mapping_review,
eci,eci:0168,StarCoder 2 7B,,StarCoder 2 7B,unmatched,qa_passed,low,StarCoder,legacy_bridge_column,,unknown,,,,,legacy_source_column:llm_chess_model,Generated from the legacy ECI bridge-column workflow and retained as the published reviewed mapping source of truth.,No legacy bridge value present.,published_mapping_review,
eci,eci:0169,MPT-7B,,MPT-7B,unmatched,qa_passed,low,MPT,legacy_bridge_column,,unknown,,,,,legacy_source_column:llm_chess_model,Generated from the legacy ECI bridge-column workflow and retained as the published reviewed mapping source of truth.,No legacy bridge value present.,published_mapping_review,
eci,eci:0170,XGen-7B,,XGen-7B,unmatched,qa_passed,low,XGen,legacy_bridge_column,,unknown,,,,,legacy_source_column:llm_chess_model,Generated from the legacy ECI bridge-column workflow and retained as the published reviewed mapping source of truth.,No legacy bridge value present.,published_mapping_review,
eci,eci:0171,Phi-1.5,,Phi-1.5,unmatched,qa_passed,low,Phi-1,legacy_bridge_column,,unknown,,,,,legacy_source_column:llm_chess_model,Generated from the legacy ECI bridge-column workflow and retained as the published reviewed mapping source of truth.,No legacy bridge value present.,published_mapping_review,
eci,eci:0172,Baichuan1-7B,,Baichuan1-7B,unmatched,qa_passed,low,Baichuan1,legacy_bridge_column,,unknown,,,,,legacy_source_column:llm_chess_model,Generated from the legacy ECI bridge-column workflow and retained as the published reviewed mapping source of truth.,No legacy bridge value present.,published_mapping_review,
eci,eci:0173,DeepSeek Coder 6.7B,,DeepSeek Coder 6.7B,unmatched,qa_passed,low,DeepSeek Coder 6,legacy_bridge_column,,unknown,,,,,legacy_source_column:llm_chess_model,Generated from the legacy ECI bridge-column workflow and retained as the published reviewed mapping source of truth.,No legacy bridge value present.,published_mapping_review,
eci,eci:0174,StarCoder 2 3B,,StarCoder 2 3B,unmatched,qa_passed,low,StarCoder,legacy_bridge_column,,unknown,,,,,legacy_source_column:llm_chess_model,Generated from the legacy ECI bridge-column workflow and retained as the published reviewed mapping source of truth.,No legacy bridge value present.,published_mapping_review,
eci,eci:0175,Dolly 2.0-12b,,Dolly 2.0-12b,unmatched,qa_passed,low,Dolly 2,legacy_bridge_column,,unknown,,,,,legacy_source_column:llm_chess_model,Generated from the legacy ECI bridge-column workflow and retained as the published reviewed mapping source of truth.,No legacy bridge value present.,published_mapping_review,
eci,eci:0176,Cerebras-GPT-13B,,Cerebras-GPT-13B,unmatched,qa_passed,low,Cerebras,legacy_bridge_column,,unknown,,,,,legacy_source_column:llm_chess_model,Generated from the legacy ECI bridge-column workflow and retained as the published reviewed mapping source of truth.,No legacy bridge value present.,published_mapping_review,
eci,eci:0177,DeepSeek Coder 1.3B,,DeepSeek Coder 1.3B,unmatched,qa_passed,low,DeepSeek Coder 1,legacy_bridge_column,,unknown,,,,,legacy_source_column:llm_chess_model,Generated from the legacy ECI bridge-column workflow and retained as the published reviewed mapping source of truth.,No legacy bridge value present.,published_mapping_review,
