source_row_index,AI SYSTEM,AUTHOR,DATE,SYSTEM TYPE,ARC-AGI-1,ARC-AGI-2,ARC-AGI-3,COST/TASK,COST (V3),CODE / PAPER,eval_id,eval_row_id,eval_model_label,eval_variant_label,source_date,score_arc_agi_1,score_arc_agi_2,score_arc_agi_3,score_numeric,cost_per_task,cost_v3,score_label
0,GPT-5.5 Pro (High),OpenAI,23.04.2026,CoT,96.5%,84.6%,,$10.51,,—,arc_agi_2,arc_agi_2:0000:gpt_5_5_pro_high,GPT-5.5 Pro (High),GPT-5.5 Pro (High),2026-04-23,96.5,84.6,,84.6,10.51,,ARC-AGI-2
1,GPT-5.5 Pro (xHigh),OpenAI,23.04.2026,CoT,95.0%,84.2%,,$10.76,,—,arc_agi_2,arc_agi_2:0001:gpt_5_5_pro_xhigh,GPT-5.5 Pro (xHigh),GPT-5.5 Pro (xHigh),2026-04-23,95.0,84.2,,84.2,10.76,,ARC-AGI-2
2,GPT-5.5 (Low),OpenAI,22.04.2026,CoT,76.2%,33.3%,,$0.350,,—,arc_agi_2,arc_agi_2:0002:gpt_5_5_low,GPT-5.5 (Low),GPT-5.5 (Low),2026-04-22,76.2,33.3,,33.3,0.35,,ARC-AGI-2
3,GPT-5.5 (Medium),OpenAI,22.04.2026,CoT,92.2%,70.4%,,$0.860,,—,arc_agi_2,arc_agi_2:0003:gpt_5_5_medium,GPT-5.5 (Medium),GPT-5.5 (Medium),2026-04-22,92.2,70.4,,70.4,0.86,,ARC-AGI-2
4,GPT-5.5 (High),OpenAI,22.04.2026,CoT,94.5%,83.3%,,$1.45,,—,arc_agi_2,arc_agi_2:0004:gpt_5_5_high,GPT-5.5 (High),GPT-5.5 (High),2026-04-22,94.5,83.3,,83.3,1.45,,ARC-AGI-2
5,GPT-5.5 (xHigh),OpenAI,22.04.2026,CoT,95.0%,85.0%,,$1.87,,—,arc_agi_2,arc_agi_2:0005:gpt_5_5_xhigh,GPT-5.5 (xHigh),GPT-5.5 (xHigh),2026-04-22,95.0,85.0,,85.0,1.87,,ARC-AGI-2
6,Claude 4.7 (Low),Anthropic,16.04.2026,CoT,91.0%,62.1%,,$2.38,,—,arc_agi_2,arc_agi_2:0006:claude_4_7_low,Claude 4.7 (Low),Claude 4.7 (Low),2026-04-16,91.0,62.1,,62.1,2.38,,ARC-AGI-2
7,Claude 4.7 (Medium),Anthropic,16.04.2026,CoT,91.0%,67.5%,,$2.96,,—,arc_agi_2,arc_agi_2:0007:claude_4_7_medium,Claude 4.7 (Medium),Claude 4.7 (Medium),2026-04-16,91.0,67.5,,67.5,2.96,,ARC-AGI-2
8,Claude 4.7 (High),Anthropic,16.04.2026,CoT,93.5%,68.3%,,$3.17,,—,arc_agi_2,arc_agi_2:0008:claude_4_7_high,Claude 4.7 (High),Claude 4.7 (High),2026-04-16,93.5,68.3,,68.3,3.17,,ARC-AGI-2
9,Claude 4.7 (Max),Anthropic,16.04.2026,CoT,92.0%,75.8%,,$7.43,,—,arc_agi_2,arc_agi_2:0009:claude_4_7_max,Claude 4.7 (Max),Claude 4.7 (Max),2026-04-16,92.0,75.8,,75.8,7.43,,ARC-AGI-2
10,GPT-5.4 Mini (xHigh),OpenAI,17.03.2026,CoT,63.7%,18.9%,,$0.750,,—,arc_agi_2,arc_agi_2:0010:gpt_5_4_mini_xhigh,GPT-5.4 Mini (xHigh),GPT-5.4 Mini (xHigh),2026-03-17,63.7,18.9,,18.9,0.75,,ARC-AGI-2
11,GPT-5.4 Mini (High),OpenAI,17.03.2026,CoT,58.0%,13.2%,,$0.560,,—,arc_agi_2,arc_agi_2:0011:gpt_5_4_mini_high,GPT-5.4 Mini (High),GPT-5.4 Mini (High),2026-03-17,58.0,13.2,,13.2,0.56,,ARC-AGI-2
12,GPT-5.4 Mini (Medium),OpenAI,17.03.2026,CoT,40.8%,4.4%,,$0.330,,—,arc_agi_2,arc_agi_2:0012:gpt_5_4_mini_medium,GPT-5.4 Mini (Medium),GPT-5.4 Mini (Medium),2026-03-17,40.8,4.4,,4.4,0.33,,ARC-AGI-2
13,GPT-5.4 Mini (Low),OpenAI,17.03.2026,CoT,13.0%,1.1%,,$0.060,,—,arc_agi_2,arc_agi_2:0013:gpt_5_4_mini_low,GPT-5.4 Mini (Low),GPT-5.4 Mini (Low),2026-03-17,13.0,1.1,,1.1,0.06,,ARC-AGI-2
14,GPT-5.4 Nano (xHigh),OpenAI,17.03.2026,CoT,51.5%,5.7%,,$0.160,,—,arc_agi_2,arc_agi_2:0014:gpt_5_4_nano_xhigh,GPT-5.4 Nano (xHigh),GPT-5.4 Nano (xHigh),2026-03-17,51.5,5.7,,5.7,0.16,,ARC-AGI-2
15,GPT-5.4 Nano (High),OpenAI,17.03.2026,CoT,38.2%,3.6%,,$0.130,,—,arc_agi_2,arc_agi_2:0015:gpt_5_4_nano_high,GPT-5.4 Nano (High),GPT-5.4 Nano (High),2026-03-17,38.2,3.6,,3.6,0.13,,ARC-AGI-2
16,GPT-5.4 Nano (Medium),OpenAI,17.03.2026,CoT,33.0%,1.9%,,$0.060,,—,arc_agi_2,arc_agi_2:0016:gpt_5_4_nano_medium,GPT-5.4 Nano (Medium),GPT-5.4 Nano (Medium),2026-03-17,33.0,1.9,,1.9,0.06,,ARC-AGI-2
17,GPT-5.4 Nano (Low),OpenAI,17.03.2026,CoT,18.3%,1.5%,,$0.010,,—,arc_agi_2,arc_agi_2:0017:gpt_5_4_nano_low,GPT-5.4 Nano (Low),GPT-5.4 Nano (Low),2026-03-17,18.3,1.5,,1.5,0.01,,ARC-AGI-2
18,Grok 4.20 (Reasoning),xAI,09.03.2026,CoT,89.5%,65.1%,,$0.920,,—,arc_agi_2,arc_agi_2:0018:grok_4_20_reasoning,Grok 4.20 (Reasoning),Grok 4.20 (Reasoning),2026-03-09,89.5,65.1,,65.1,0.92,,ARC-AGI-2
19,Grok 4.20 (Beta Reasoning),xAI,05.03.2026,CoT,,,0.1%,,$3.8K,—,arc_agi_2,arc_agi_2:0019:grok_4_20_beta_reasoning,Grok 4.20 (Beta Reasoning),Grok 4.20 (Beta Reasoning),2026-03-05,,,0.1,,,,ARC-AGI-2
20,GPT-5.4 (High),OpenAI,05.03.2026,CoT,,,0.2%,,$5.2K,—,arc_agi_2,arc_agi_2:0020:gpt_5_4_high,GPT-5.4 (High),GPT-5.4 (High),2026-03-05,,,0.2,,,,ARC-AGI-2
21,Gemini 3.1 Pro (Preview),Google,05.03.2026,CoT,,,0.4%,,$2.2K,—,arc_agi_2,arc_agi_2:0021:gemini_3_1_pro_preview,Gemini 3.1 Pro (Preview),Gemini 3.1 Pro (Preview),2026-03-05,,,0.4,,,,ARC-AGI-2
22,GPT-5.4 (Low),OpenAI,04.03.2026,CoT,68.2%,29.2%,,$0.270,,—,arc_agi_2,arc_agi_2:0022:gpt_5_4_low,GPT-5.4 (Low),GPT-5.4 (Low),2026-03-04,68.2,29.2,,29.2,0.27,,ARC-AGI-2
23,GPT-5.4 (Medium),OpenAI,04.03.2026,CoT,86.2%,55.4%,,$0.680,,—,arc_agi_2,arc_agi_2:0023:gpt_5_4_medium,GPT-5.4 (Medium),GPT-5.4 (Medium),2026-03-04,86.2,55.4,,55.4,0.68,,ARC-AGI-2
24,GPT-5.4 (High),OpenAI,04.03.2026,CoT,92.7%,67.5%,,$1.02,,—,arc_agi_2,arc_agi_2:0024:gpt_5_4_high,GPT-5.4 (High),GPT-5.4 (High),2026-03-04,92.7,67.5,,67.5,1.02,,ARC-AGI-2
25,GPT-5.4 (xHigh),OpenAI,04.03.2026,CoT,93.7%,74.0%,,$1.52,,—,arc_agi_2,arc_agi_2:0025:gpt_5_4_xhigh,GPT-5.4 (xHigh),GPT-5.4 (xHigh),2026-03-04,93.7,74.0,,74.0,1.52,,ARC-AGI-2
26,GPT-5.4 Pro (xHigh),OpenAI,04.03.2026,CoT,94.5%,83.3%,,$16.41,,—,arc_agi_2,arc_agi_2:0026:gpt_5_4_pro_xhigh,GPT-5.4 Pro (xHigh),GPT-5.4 Pro (xHigh),2026-03-04,94.5,83.3,,83.3,16.41,,ARC-AGI-2
27,GLM-5,Z.ai,20.02.2026,CoT,44.7%,4.9%,,$0.270,,—,arc_agi_2,arc_agi_2:0027:glm_5,GLM-5,GLM-5,2026-02-20,44.7,4.9,,4.9,0.27,,ARC-AGI-2
28,Gemini 3.1 Pro (Preview),Google,19.02.2026,CoT,98.0%,77.1%,,$0.962,,📄,arc_agi_2,arc_agi_2:0028:gemini_3_1_pro_preview,Gemini 3.1 Pro (Preview),Gemini 3.1 Pro (Preview),2026-02-19,98.0,77.1,,77.1,0.962,,ARC-AGI-2
29,Claude Sonnet 4.6 (Max),Anthropic,17.02.2026,CoT,86.0%,58.3%,,$2.72,,—,arc_agi_2,arc_agi_2:0029:claude_sonnet_4_6_max,Claude Sonnet 4.6 (Max),Claude Sonnet 4.6 (Max),2026-02-17,86.0,58.3,,58.3,2.72,,ARC-AGI-2
30,Claude Sonnet 4.6 (High),Anthropic,17.02.2026,CoT,86.5%,60.4%,,$2.70,,—,arc_agi_2,arc_agi_2:0030:claude_sonnet_4_6_high,Claude Sonnet 4.6 (High),Claude Sonnet 4.6 (High),2026-02-17,86.5,60.4,,60.4,2.7,,ARC-AGI-2
31,Gemini 3 Deep Think (Preview) ²,Google,12.02.2026,CoT,87.5%,45.1%,,$77.16,,—,arc_agi_2,arc_agi_2:0031:gemini_3_deep_think_preview_2,Gemini 3 Deep Think (Preview) ²,Gemini 3 Deep Think (Preview) ²,2026-02-12,87.5,45.1,,45.1,77.16,,ARC-AGI-2
32,Gemini 3 Deep Think (2/26),Google,12.02.2026,CoT,96.0%,84.6%,,$13.62,,—,arc_agi_2,arc_agi_2:0032:gemini_3_deep_think_2_26,Gemini 3 Deep Think (2/26),Gemini 3 Deep Think (2/26),2026-02-12,96.0,84.6,,84.6,13.62,,ARC-AGI-2
33,Minimax M2.5,Minimax,12.02.2026,CoT,63.7%,4.9%,,$0.170,,—,arc_agi_2,arc_agi_2:0033:minimax_m2_5,Minimax M2.5,Minimax M2.5,2026-02-12,63.7,4.9,,4.9,0.17,,ARC-AGI-2
34,Claude Opus 4.6 (120K - Low),Anthropic,05.02.2026,CoT,86.0%,64.6%,,$2.25,,—,arc_agi_2,arc_agi_2:0034:claude_opus_4_6_120k_low,Claude Opus 4.6 (120K - Low),Claude Opus 4.6 (120K - Low),2026-02-05,86.0,64.6,,64.6,2.25,,ARC-AGI-2
35,Claude Opus 4.6 (120K - Medium),Anthropic,05.02.2026,CoT,92.0%,66.3%,,$2.72,,—,arc_agi_2,arc_agi_2:0035:claude_opus_4_6_120k_medium,Claude Opus 4.6 (120K - Medium),Claude Opus 4.6 (120K - Medium),2026-02-05,92.0,66.3,,66.3,2.72,,ARC-AGI-2
36,Claude Opus 4.6 (120K - High),Anthropic,05.02.2026,CoT,94.0%,69.2%,,$3.47,,—,arc_agi_2,arc_agi_2:0036:claude_opus_4_6_120k_high,Claude Opus 4.6 (120K - High),Claude Opus 4.6 (120K - High),2026-02-05,94.0,69.2,,69.2,3.47,,ARC-AGI-2
37,Claude Opus 4.6 (120K - Max),Anthropic,05.02.2026,CoT,93.0%,68.8%,,$3.64,,—,arc_agi_2,arc_agi_2:0037:claude_opus_4_6_120k_max,Claude Opus 4.6 (120K - Max),Claude Opus 4.6 (120K - Max),2026-02-05,93.0,68.8,,68.8,3.64,,ARC-AGI-2
38,GPT-5.2 (Refine.),Johan Land,03.02.2026,Refinement,94.5%,72.9%,,$38.99,,💻,arc_agi_2,arc_agi_2:0038:gpt_5_2_refine,GPT-5.2 (Refine.),GPT-5.2 (Refine.),2026-02-03,94.5,72.9,,72.9,38.99,,ARC-AGI-2
39,Kimi K2.5,Moonshot AI,27.01.2026,CoT,65.3%,11.8%,,$0.280,,—,arc_agi_2,arc_agi_2:0039:kimi_k2_5,Kimi K2.5,Kimi K2.5,2026-01-27,65.3,11.8,,11.8,0.28,,ARC-AGI-2
40,Gemini 3 Flash Preview (Minimal),Google,17.12.2025,CoT,21.5%,3.3%,,$0.021,,—,arc_agi_2,arc_agi_2:0040:gemini_3_flash_preview_minimal,Gemini 3 Flash Preview (Minimal),Gemini 3 Flash Preview (Minimal),2025-12-17,21.5,3.3,,3.3,0.021,,ARC-AGI-2
41,Gemini 3 Flash Preview (Low),Google,17.12.2025,CoT,29.0%,1.3%,,$0.025,,—,arc_agi_2,arc_agi_2:0041:gemini_3_flash_preview_low,Gemini 3 Flash Preview (Low),Gemini 3 Flash Preview (Low),2025-12-17,29.0,1.3,,1.3,0.025,,ARC-AGI-2
42,Gemini 3 Flash Preview (Medium),Google,17.12.2025,CoT,57.7%,12.8%,,$0.082,,—,arc_agi_2,arc_agi_2:0042:gemini_3_flash_preview_medium,Gemini 3 Flash Preview (Medium),Gemini 3 Flash Preview (Medium),2025-12-17,57.7,12.8,,12.8,0.082,,ARC-AGI-2
43,Gemini 3 Flash Preview (High),Google,17.12.2025,CoT,84.7%,33.6%,,$0.231,,—,arc_agi_2,arc_agi_2:0043:gemini_3_flash_preview_high,Gemini 3 Flash Preview (High),Gemini 3 Flash Preview (High),2025-12-17,84.7,33.6,,33.6,0.231,,ARC-AGI-2
44,Anthropic Opus 4.6 (Max),Anthropic,17.12.2025,CoT,,,0.5%,,$8.9K,—,arc_agi_2,arc_agi_2:0044:anthropic_opus_4_6_max,Anthropic Opus 4.6 (Max),Anthropic Opus 4.6 (Max),2025-12-17,,,0.5,,,,ARC-AGI-2
45,GPT-5.2,OpenAI,11.12.2025,Base LLM,12.3%,0.8%,,$0.082,,—,arc_agi_2,arc_agi_2:0045:gpt_5_2,GPT-5.2,GPT-5.2,2025-12-11,12.3,0.8,,0.8,0.082,,ARC-AGI-2
46,GPT-5.2 (Low),OpenAI,11.12.2025,CoT,55.7%,9.7%,,$0.264,,—,arc_agi_2,arc_agi_2:0046:gpt_5_2_low,GPT-5.2 (Low),GPT-5.2 (Low),2025-12-11,55.7,9.7,,9.7,0.264,,ARC-AGI-2
47,GPT-5.2 (Medium),OpenAI,11.12.2025,CoT,72.7%,26.7%,,$0.759,,—,arc_agi_2,arc_agi_2:0047:gpt_5_2_medium,GPT-5.2 (Medium),GPT-5.2 (Medium),2025-12-11,72.7,26.7,,26.7,0.759,,ARC-AGI-2
48,GPT-5.2 (High),OpenAI,11.12.2025,CoT,78.7%,43.3%,,$1.39,,—,arc_agi_2,arc_agi_2:0048:gpt_5_2_high,GPT-5.2 (High),GPT-5.2 (High),2025-12-11,78.7,43.3,,43.3,1.39,,ARC-AGI-2
49,GPT-5.2 (xHigh),OpenAI,11.12.2025,CoT,86.2%,52.9%,,$1.90,,—,arc_agi_2,arc_agi_2:0049:gpt_5_2_xhigh,GPT-5.2 (xHigh),GPT-5.2 (xHigh),2025-12-11,86.2,52.9,,52.9,1.9,,ARC-AGI-2
50,GPT-5.2 Pro (Medium),OpenAI,11.12.2025,CoT,81.2%,38.5%,,$8.99,,—,arc_agi_2,arc_agi_2:0050:gpt_5_2_pro_medium,GPT-5.2 Pro (Medium),GPT-5.2 Pro (Medium),2025-12-11,81.2,38.5,,38.5,8.99,,ARC-AGI-2
51,GPT-5.2 Pro (High),OpenAI,11.12.2025,CoT,85.7%,54.2%,,$15.72,,—,arc_agi_2,arc_agi_2:0051:gpt_5_2_pro_high,GPT-5.2 Pro (High),GPT-5.2 Pro (High),2025-12-11,85.7,54.2,,54.2,15.72,,ARC-AGI-2
52,GPT-5.2 Pro (xHigh),OpenAI,11.12.2025,CoT,90.5%,,,$11.65,,—,arc_agi_2,arc_agi_2:0052:gpt_5_2_pro_xhigh,GPT-5.2 Pro (xHigh),GPT-5.2 Pro (xHigh),2025-12-11,90.5,,,,11.65,,ARC-AGI-2
53,Gemini 3 Pro (Refine.),Poetiq,04.12.2025,Refinement,,54.0%,,$30.57,,—,arc_agi_2,arc_agi_2:0053:gemini_3_pro_refine,Gemini 3 Pro (Refine.),Gemini 3 Pro (Refine.),2025-12-04,,54.0,,54.0,30.57,,ARC-AGI-2
54,Deepseek V3.2,Deepseek,01.12.2025,Base LLM,57.0%,4.0%,,$0.120,,—,arc_agi_2,arc_agi_2:0054:deepseek_v3_2,Deepseek V3.2,Deepseek V3.2,2025-12-01,57.0,4.0,,4.0,0.12,,ARC-AGI-2
55,Opus 4.5 (Thinking - None),Anthropic,24.11.2025,CoT,40.0%,7.8%,,$0.220,,—,arc_agi_2,arc_agi_2:0055:opus_4_5_thinking_none,Opus 4.5 (Thinking - None),Opus 4.5 (Thinking - None),2025-11-24,40.0,7.8,,7.8,0.22,,ARC-AGI-2
56,Opus 4.5 (Thinking - 1K),Anthropic,24.11.2025,CoT,35.2%,9.4%,,$0.230,,—,arc_agi_2,arc_agi_2:0056:opus_4_5_thinking_1k,Opus 4.5 (Thinking - 1K),Opus 4.5 (Thinking - 1K),2025-11-24,35.2,9.4,,9.4,0.23,,ARC-AGI-2
57,Opus 4.5 (Thinking - 8K),Anthropic,24.11.2025,CoT,58.7%,13.9%,,$0.480,,—,arc_agi_2,arc_agi_2:0057:opus_4_5_thinking_8k,Opus 4.5 (Thinking - 8K),Opus 4.5 (Thinking - 8K),2025-11-24,58.7,13.9,,13.9,0.48,,ARC-AGI-2
58,Opus 4.5 (Thinking - 16K),Anthropic,24.11.2025,CoT,72.0%,22.8%,,$0.790,,—,arc_agi_2,arc_agi_2:0058:opus_4_5_thinking_16k,Opus 4.5 (Thinking - 16K),Opus 4.5 (Thinking - 16K),2025-11-24,72.0,22.8,,22.8,0.79,,ARC-AGI-2
59,Opus 4.5 (Thinking - 32K),Anthropic,24.11.2025,CoT,75.8%,30.6%,,$1.29,,—,arc_agi_2,arc_agi_2:0059:opus_4_5_thinking_32k,Opus 4.5 (Thinking - 32K),Opus 4.5 (Thinking - 32K),2025-11-24,75.8,30.6,,30.6,1.29,,ARC-AGI-2
60,Opus 4.5 (Thinking - 64K),Anthropic,24.11.2025,CoT,80.0%,37.6%,,$2.40,,—,arc_agi_2,arc_agi_2:0060:opus_4_5_thinking_64k,Opus 4.5 (Thinking - 64K),Opus 4.5 (Thinking - 64K),2025-11-24,80.0,37.6,,37.6,2.4,,ARC-AGI-2
61,Gemini 3 Pro,Google,18.11.2025,CoT,75.0%,31.1%,,$0.811,,—,arc_agi_2,arc_agi_2:0061:gemini_3_pro,Gemini 3 Pro,Gemini 3 Pro,2025-11-18,75.0,31.1,,31.1,0.811,,ARC-AGI-2
62,GPT-5.1 (Thinking - None),OpenAI,13.11.2025,CoT,5.8%,0.4%,,$0.058,,—,arc_agi_2,arc_agi_2:0062:gpt_5_1_thinking_none,GPT-5.1 (Thinking - None),GPT-5.1 (Thinking - None),2025-11-13,5.8,0.4,,0.4,0.058,,ARC-AGI-2
63,GPT-5.1 (Thinking - Low),OpenAI,13.11.2025,CoT,33.2%,1.9%,,$0.129,,—,arc_agi_2,arc_agi_2:0063:gpt_5_1_thinking_low,GPT-5.1 (Thinking - Low),GPT-5.1 (Thinking - Low),2025-11-13,33.2,1.9,,1.9,0.129,,ARC-AGI-2
64,GPT-5.1 (Thinking - Medium),OpenAI,13.11.2025,CoT,57.7%,6.5%,,$0.421,,—,arc_agi_2,arc_agi_2:0064:gpt_5_1_thinking_medium,GPT-5.1 (Thinking - Medium),GPT-5.1 (Thinking - Medium),2025-11-13,57.7,6.5,,6.5,0.421,,ARC-AGI-2
65,GPT-5.1 (Thinking - High),OpenAI,13.11.2025,CoT,72.8%,17.6%,,$1.17,,—,arc_agi_2,arc_agi_2:0065:gpt_5_1_thinking_high,GPT-5.1 (Thinking - High),GPT-5.1 (Thinking - High),2025-11-13,72.8,17.6,,17.6,1.17,,ARC-AGI-2
66,Grok 4 (Fast Reasoning),xAI,21.10.2025,CoT,48.5%,5.3%,,$0.061,,📄,arc_agi_2,arc_agi_2:0066:grok_4_fast_reasoning,Grok 4 (Fast Reasoning),Grok 4 (Fast Reasoning),2025-10-21,48.5,5.3,,5.3,0.061,,ARC-AGI-2
67,Tiny Recursion Model (TRM),Bespoke,07.10.2025,,40.0%,6.3%,,$2.10,,📄💻,arc_agi_2,arc_agi_2:0067:tiny_recursion_model_trm,Tiny Recursion Model (TRM),Tiny Recursion Model (TRM),2025-10-07,40.0,6.3,,6.3,2.1,,ARC-AGI-2
68,GPT-5 Pro,OpenAI,06.10.2025,CoT,70.2%,18.3%,,$7.14,,📄,arc_agi_2,arc_agi_2:0068:gpt_5_pro,GPT-5 Pro,GPT-5 Pro,2025-10-06,70.2,18.3,,18.3,7.14,,ARC-AGI-2
69,Claude Haiku 4.5,Anthropic,01.10.2025,Base LLM,14.3%,1.3%,,$0.043,,📄,arc_agi_2,arc_agi_2:0069:claude_haiku_4_5,Claude Haiku 4.5,Claude Haiku 4.5,2025-10-01,14.3,1.3,,1.3,0.043,,ARC-AGI-2
70,Claude Haiku 4.5 (Thinking 1K),Anthropic,01.10.2025,CoT,16.8%,1.3%,,$0.047,,📄,arc_agi_2,arc_agi_2:0070:claude_haiku_4_5_thinking_1k,Claude Haiku 4.5 (Thinking 1K),Claude Haiku 4.5 (Thinking 1K),2025-10-01,16.8,1.3,,1.3,0.047,,ARC-AGI-2
71,Claude Haiku 4.5 (Thinking 8K),Anthropic,01.10.2025,CoT,25.5%,1.7%,,$0.091,,📄,arc_agi_2,arc_agi_2:0071:claude_haiku_4_5_thinking_8k,Claude Haiku 4.5 (Thinking 8K),Claude Haiku 4.5 (Thinking 8K),2025-10-01,25.5,1.7,,1.7,0.091,,ARC-AGI-2
72,Claude Haiku 4.5 (Thinking 16K),Anthropic,01.10.2025,CoT,37.3%,2.8%,,$0.139,,📄,arc_agi_2,arc_agi_2:0072:claude_haiku_4_5_thinking_16k,Claude Haiku 4.5 (Thinking 16K),Claude Haiku 4.5 (Thinking 16K),2025-10-01,37.3,2.8,,2.8,0.139,,ARC-AGI-2
73,Claude Haiku 4.5 (Thinking 32K),Anthropic,01.10.2025,CoT,47.7%,4.0%,,$0.377,,📄,arc_agi_2,arc_agi_2:0073:claude_haiku_4_5_thinking_32k,Claude Haiku 4.5 (Thinking 32K),Claude Haiku 4.5 (Thinking 32K),2025-10-01,47.7,4.0,,4.0,0.377,,ARC-AGI-2
74,Claude Sonnet 4.5,Anthropic,29.09.2025,Base LLM,25.5%,3.8%,,$0.130,,📄,arc_agi_2,arc_agi_2:0074:claude_sonnet_4_5,Claude Sonnet 4.5,Claude Sonnet 4.5,2025-09-29,25.5,3.8,,3.8,0.13,,ARC-AGI-2
75,Claude Sonnet 4.5 (Thinking 1K),Anthropic,29.09.2025,CoT,31.0%,5.8%,,$0.142,,📄,arc_agi_2,arc_agi_2:0075:claude_sonnet_4_5_thinking_1k,Claude Sonnet 4.5 (Thinking 1K),Claude Sonnet 4.5 (Thinking 1K),2025-09-29,31.0,5.8,,5.8,0.142,,ARC-AGI-2
76,Claude Sonnet 4.5 (Thinking 8K),Anthropic,29.09.2025,CoT,46.5%,6.9%,,$0.235,,📄,arc_agi_2,arc_agi_2:0076:claude_sonnet_4_5_thinking_8k,Claude Sonnet 4.5 (Thinking 8K),Claude Sonnet 4.5 (Thinking 8K),2025-09-29,46.5,6.9,,6.9,0.235,,ARC-AGI-2
77,Claude Sonnet 4.5 (Thinking 16K),Anthropic,29.09.2025,CoT,48.3%,6.9%,,$0.350,,📄,arc_agi_2,arc_agi_2:0077:claude_sonnet_4_5_thinking_16k,Claude Sonnet 4.5 (Thinking 16K),Claude Sonnet 4.5 (Thinking 16K),2025-09-29,48.3,6.9,,6.9,0.35,,ARC-AGI-2
78,Claude Sonnet 4.5 (Thinking 32K),Anthropic,29.09.2025,CoT,63.7%,13.6%,,$0.759,,📄,arc_agi_2,arc_agi_2:0078:claude_sonnet_4_5_thinking_32k,Claude Sonnet 4.5 (Thinking 32K),Claude Sonnet 4.5 (Thinking 32K),2025-09-29,63.7,13.6,,13.6,0.759,,ARC-AGI-2
79,GPT-5 (High),OpenAI,07.08.2025,CoT,65.7%,9.9%,,$0.730,,—,arc_agi_2,arc_agi_2:0079:gpt_5_high,GPT-5 (High),GPT-5 (High),2025-08-07,65.7,9.9,,9.9,0.73,,ARC-AGI-2
80,GPT-5 (Medium),OpenAI,07.08.2025,CoT,56.2%,7.5%,,$0.449,,—,arc_agi_2,arc_agi_2:0080:gpt_5_medium,GPT-5 (Medium),GPT-5 (Medium),2025-08-07,56.2,7.5,,7.5,0.449,,ARC-AGI-2
81,GPT-5 (Low),OpenAI,07.08.2025,CoT,44.0%,1.9%,,$0.190,,—,arc_agi_2,arc_agi_2:0081:gpt_5_low,GPT-5 (Low),GPT-5 (Low),2025-08-07,44.0,1.9,,1.9,0.19,,ARC-AGI-2
82,GPT-5 (Minimal),OpenAI,07.08.2025,Base LLM,6.0%,0.0%,,$0.056,,—,arc_agi_2,arc_agi_2:0082:gpt_5_minimal,GPT-5 (Minimal),GPT-5 (Minimal),2025-08-07,6.0,0.0,,0.0,0.056,,ARC-AGI-2
83,GPT-5 Mini (High),OpenAI,07.08.2025,CoT,54.3%,4.4%,,$0.198,,—,arc_agi_2,arc_agi_2:0083:gpt_5_mini_high,GPT-5 Mini (High),GPT-5 Mini (High),2025-08-07,54.3,4.4,,4.4,0.198,,ARC-AGI-2
84,GPT-5 Mini (Medium),OpenAI,07.08.2025,CoT,37.3%,4.0%,,$0.063,,—,arc_agi_2,arc_agi_2:0084:gpt_5_mini_medium,GPT-5 Mini (Medium),GPT-5 Mini (Medium),2025-08-07,37.3,4.0,,4.0,0.063,,ARC-AGI-2
85,GPT-5 Mini (Low),OpenAI,07.08.2025,CoT,26.3%,0.8%,,$0.019,,—,arc_agi_2,arc_agi_2:0085:gpt_5_mini_low,GPT-5 Mini (Low),GPT-5 Mini (Low),2025-08-07,26.3,0.8,,0.8,0.019,,ARC-AGI-2
86,GPT-5 Mini (Minimal),OpenAI,07.08.2025,CoT,5.3%,1.7%,,$0.009,,—,arc_agi_2,arc_agi_2:0086:gpt_5_mini_minimal,GPT-5 Mini (Minimal),GPT-5 Mini (Minimal),2025-08-07,5.3,1.7,,1.7,0.009,,ARC-AGI-2
87,GPT-5 Nano (High),OpenAI,07.08.2025,CoT,16.7%,2.6%,,$0.029,,—,arc_agi_2,arc_agi_2:0087:gpt_5_nano_high,GPT-5 Nano (High),GPT-5 Nano (High),2025-08-07,16.7,2.6,,2.6,0.029,,ARC-AGI-2
88,GPT-5 Nano (Medium),OpenAI,07.08.2025,CoT,20.7%,0.9%,,$0.014,,—,arc_agi_2,arc_agi_2:0088:gpt_5_nano_medium,GPT-5 Nano (Medium),GPT-5 Nano (Medium),2025-08-07,20.7,0.9,,0.9,0.014,,ARC-AGI-2
89,GPT-5 Nano (Low),OpenAI,07.08.2025,CoT,4.0%,0.0%,,$0.003,,—,arc_agi_2,arc_agi_2:0089:gpt_5_nano_low,GPT-5 Nano (Low),GPT-5 Nano (Low),2025-08-07,4.0,0.0,,0.0,0.003,,ARC-AGI-2
90,GPT-5 Nano (Minimal),OpenAI,07.08.2025,CoT,1.5%,0.0%,,$0.003,,—,arc_agi_2,arc_agi_2:0090:gpt_5_nano_minimal,GPT-5 Nano (Minimal),GPT-5 Nano (Minimal),2025-08-07,1.5,0.0,,0.0,0.003,,ARC-AGI-2
91,Hierarchical Reasoning Model (HRM),Bespoke,07.08.2025,,32.0%,2.0%,,$1.68,,—,arc_agi_2,arc_agi_2:0091:hierarchical_reasoning_model_hrm,Hierarchical Reasoning Model (HRM),Hierarchical Reasoning Model (HRM),2025-08-07,32.0,2.0,,2.0,1.68,,ARC-AGI-2
92,Grok 4 (Refine.),J. Berman,07.08.2025,Refinement,79.6%,29.4%,,$30.40,,💻,arc_agi_2,arc_agi_2:0092:grok_4_refine,Grok 4 (Refine.),Grok 4 (Refine.),2025-08-07,79.6,29.4,,29.4,30.4,,ARC-AGI-2
93,Grok 4 (Refine.),E. Pang,07.08.2025,Refinement,77.1%,26.0%,,$3.97,,💻,arc_agi_2,arc_agi_2:0093:grok_4_refine,Grok 4 (Refine.),Grok 4 (Refine.),2025-08-07,77.1,26.0,,26.0,3.97,,ARC-AGI-2
94,Qwen3-235b-a22b Instruct (25/07),Alibaba,25.07.2025,Base LLM,11.0%,1.3%,,$0.004,,📄,arc_agi_2,arc_agi_2:0094:qwen3_235b_a22b_instruct_25_07,Qwen3-235b-a22b Instruct (25/07),Qwen3-235b-a22b Instruct (25/07),2025-07-25,11.0,1.3,,1.3,0.004,,ARC-AGI-2
95,Grok 4 (Thinking),xAI,09.07.2025,CoT,66.7%,16.0%,,$2.17,,📄,arc_agi_2,arc_agi_2:0095:grok_4_thinking,Grok 4 (Thinking),Grok 4 (Thinking),2025-07-09,66.7,16.0,,16.0,2.17,,ARC-AGI-2
96,Gemini 2.5 Pro (Thinking 1K),Google,17.06.2025,CoT,16.0%,0.0%,,$0.088,,📄,arc_agi_2,arc_agi_2:0096:gemini_2_5_pro_thinking_1k,Gemini 2.5 Pro (Thinking 1K),Gemini 2.5 Pro (Thinking 1K),2025-06-17,16.0,0.0,,0.0,0.088,,ARC-AGI-2
97,Gemini 2.5 Pro (Thinking 8K),Google,17.06.2025,CoT,29.5%,2.9%,,$0.444,,📄,arc_agi_2,arc_agi_2:0097:gemini_2_5_pro_thinking_8k,Gemini 2.5 Pro (Thinking 8K),Gemini 2.5 Pro (Thinking 8K),2025-06-17,29.5,2.9,,2.9,0.444,,ARC-AGI-2
98,Gemini 2.5 Pro (Thinking 16K),Google,17.06.2025,CoT,41.0%,4.0%,,$0.715,,📄,arc_agi_2,arc_agi_2:0098:gemini_2_5_pro_thinking_16k,Gemini 2.5 Pro (Thinking 16K),Gemini 2.5 Pro (Thinking 16K),2025-06-17,41.0,4.0,,4.0,0.715,,ARC-AGI-2
99,Gemini 2.5 Pro (Thinking 32K),Google,17.06.2025,CoT,37.0%,4.9%,,$0.757,,📄,arc_agi_2,arc_agi_2:0099:gemini_2_5_pro_thinking_32k,Gemini 2.5 Pro (Thinking 32K),Gemini 2.5 Pro (Thinking 32K),2025-06-17,37.0,4.9,,4.9,0.757,,ARC-AGI-2
100,o3-Pro (Low),OpenAI,10.06.2025,CoT + Synthesis,44.3%,2.1%,,$2.23,,📄,arc_agi_2,arc_agi_2:0100:o3_pro_low,o3-Pro (Low),o3-Pro (Low),2025-06-10,44.3,2.1,,2.1,2.23,,ARC-AGI-2
101,o3-Pro (Medium),OpenAI,10.06.2025,CoT + Synthesis,57.0%,1.9%,,$4.74,,📄,arc_agi_2,arc_agi_2:0101:o3_pro_medium,o3-Pro (Medium),o3-Pro (Medium),2025-06-10,57.0,1.9,,1.9,4.74,,ARC-AGI-2
102,o3-Pro (High),OpenAI,10.06.2025,CoT + Synthesis,59.3%,4.9%,,$7.55,,📄,arc_agi_2,arc_agi_2:0102:o3_pro_high,o3-Pro (High),o3-Pro (High),2025-06-10,59.3,4.9,,4.9,7.55,,ARC-AGI-2
103,Magistral Small,Mistral,10.06.2025,CoT,5.0%,0.0%,,$0.049,,📄,arc_agi_2,arc_agi_2:0103:magistral_small,Magistral Small,Magistral Small,2025-06-10,5.0,0.0,,0.0,0.049,,ARC-AGI-2
104,Magistral Medium,Mistral,10.06.2025,CoT,5.9%,0.0%,,$0.108,,📄,arc_agi_2,arc_agi_2:0104:magistral_medium,Magistral Medium,Magistral Medium,2025-06-10,5.9,0.0,,0.0,0.108,,ARC-AGI-2
105,Magistral Medium (Thinking),Mistral,10.06.2025,CoT,6.1%,0.0%,,$0.123,,📄,arc_agi_2,arc_agi_2:0105:magistral_medium_thinking,Magistral Medium (Thinking),Magistral Medium (Thinking),2025-06-10,6.1,0.0,,0.0,0.123,,ARC-AGI-2
106,Deepseek R1 (05/28),Deepseek,28.05.2025,CoT,21.2%,1.1%,,$0.053,,📄,arc_agi_2,arc_agi_2:0106:deepseek_r1_05_28,Deepseek R1 (05/28),Deepseek R1 (05/28),2025-05-28,21.2,1.1,,1.1,0.053,,ARC-AGI-2
107,Codex Mini (Latest),OpenAI,23.05.2025,CoT,27.3%,1.3%,,$0.230,,📄,arc_agi_2,arc_agi_2:0107:codex_mini_latest,Codex Mini (Latest),Codex Mini (Latest),2025-05-23,27.3,1.3,,1.3,0.23,,ARC-AGI-2
108,Gemini 2.5 Flash (Preview),Google,20.05.2025,CoT,33.3%,1.7%,,$0.057,,📄💻,arc_agi_2,arc_agi_2:0108:gemini_2_5_flash_preview,Gemini 2.5 Flash (Preview),Gemini 2.5 Flash (Preview),2025-05-20,33.3,1.7,,1.7,0.057,,ARC-AGI-2
109,Gemini 2.5 Flash (Preview) (Thinking 1K),Google,20.05.2025,CoT,16.0%,2.2%,,$0.030,,📄💻,arc_agi_2,arc_agi_2:0109:gemini_2_5_flash_preview_thinking_1k,Gemini 2.5 Flash (Preview) (Thinking 1K),Gemini 2.5 Flash (Preview) (Thinking 1K),2025-05-20,16.0,2.2,,2.2,0.03,,ARC-AGI-2
110,Gemini 2.5 Flash (Preview) (Thinking 8K),Google,20.05.2025,CoT,25.8%,2.1%,,$0.199,,📄💻,arc_agi_2,arc_agi_2:0110:gemini_2_5_flash_preview_thinking_8k,Gemini 2.5 Flash (Preview) (Thinking 8K),Gemini 2.5 Flash (Preview) (Thinking 8K),2025-05-20,25.8,2.1,,2.1,0.199,,ARC-AGI-2
111,Gemini 2.5 Flash (Preview) (Thinking 16K),Google,20.05.2025,CoT,33.3%,2.0%,,$0.317,,📄💻,arc_agi_2,arc_agi_2:0111:gemini_2_5_flash_preview_thinking_16k,Gemini 2.5 Flash (Preview) (Thinking 16K),Gemini 2.5 Flash (Preview) (Thinking 16K),2025-05-20,33.3,2.0,,2.0,0.317,,ARC-AGI-2
112,Gemini 2.5 Flash (Preview) (Thinking 24K),Google,20.05.2025,CoT,32.3%,2.5%,,$0.319,,📄💻,arc_agi_2,arc_agi_2:0112:gemini_2_5_flash_preview_thinking_24k,Gemini 2.5 Flash (Preview) (Thinking 24K),Gemini 2.5 Flash (Preview) (Thinking 24K),2025-05-20,32.3,2.5,,2.5,0.319,,ARC-AGI-2
113,Claude Sonnet 4,Anthropic,14.05.2025,Base LLM,23.8%,1.3%,,$0.127,,📄,arc_agi_2,arc_agi_2:0113:claude_sonnet_4,Claude Sonnet 4,Claude Sonnet 4,2025-05-14,23.8,1.3,,1.3,0.127,,ARC-AGI-2
114,Claude Sonnet 4 (Thinking 1K),Anthropic,14.05.2025,CoT,28.0%,0.9%,,$0.142,,📄,arc_agi_2,arc_agi_2:0114:claude_sonnet_4_thinking_1k,Claude Sonnet 4 (Thinking 1K),Claude Sonnet 4 (Thinking 1K),2025-05-14,28.0,0.9,,0.9,0.142,,ARC-AGI-2
115,Claude Sonnet 4 (Thinking 8K),Anthropic,14.05.2025,CoT,29.0%,2.1%,,$0.265,,📄,arc_agi_2,arc_agi_2:0115:claude_sonnet_4_thinking_8k,Claude Sonnet 4 (Thinking 8K),Claude Sonnet 4 (Thinking 8K),2025-05-14,29.0,2.1,,2.1,0.265,,ARC-AGI-2
116,Claude Sonnet 4 (Thinking 16K),Anthropic,14.05.2025,CoT,40.0%,5.9%,,$0.486,,📄,arc_agi_2,arc_agi_2:0116:claude_sonnet_4_thinking_16k,Claude Sonnet 4 (Thinking 16K),Claude Sonnet 4 (Thinking 16K),2025-05-14,40.0,5.9,,5.9,0.486,,ARC-AGI-2
117,Claude Opus 4 (Thinking 16K),Anthropic,14.05.2025,CoT,35.7%,8.6%,,$1.93,,📄,arc_agi_2,arc_agi_2:0117:claude_opus_4_thinking_16k,Claude Opus 4 (Thinking 16K),Claude Opus 4 (Thinking 16K),2025-05-14,35.7,8.6,,8.6,1.93,,ARC-AGI-2
118,Claude Opus 4 (Thinking 8K),Anthropic,14.05.2025,CoT,30.7%,4.5%,,$1.16,,📄,arc_agi_2,arc_agi_2:0118:claude_opus_4_thinking_8k,Claude Opus 4 (Thinking 8K),Claude Opus 4 (Thinking 8K),2025-05-14,30.7,4.5,,4.5,1.16,,ARC-AGI-2
119,Claude Opus 4 (Thinking 1K),Anthropic,14.05.2025,CoT,27.0%,0.0%,,$0.750,,📄,arc_agi_2,arc_agi_2:0119:claude_opus_4_thinking_1k,Claude Opus 4 (Thinking 1K),Claude Opus 4 (Thinking 1K),2025-05-14,27.0,0.0,,0.0,0.75,,ARC-AGI-2
120,Claude Opus 4,Anthropic,14.05.2025,CoT,22.5%,1.3%,,$0.639,,📄,arc_agi_2,arc_agi_2:0120:claude_opus_4,Claude Opus 4,Claude Opus 4,2025-05-14,22.5,1.3,,1.3,0.639,,ARC-AGI-2
121,o3 (Low),OpenAI,16.04.2025,CoT,41.5%,2.0%,,$0.234,,—,arc_agi_2,arc_agi_2:0121:o3_low,o3 (Low),o3 (Low),2025-04-16,41.5,2.0,,2.0,0.234,,ARC-AGI-2
122,o3 (Medium),OpenAI,16.04.2025,CoT,53.8%,3.0%,,$0.479,,—,arc_agi_2,arc_agi_2:0122:o3_medium,o3 (Medium),o3 (Medium),2025-04-16,53.8,3.0,,3.0,0.479,,ARC-AGI-2
123,o3 (High),OpenAI,16.04.2025,CoT,60.8%,6.5%,,$0.834,,—,arc_agi_2,arc_agi_2:0123:o3_high,o3 (High),o3 (High),2025-04-16,60.8,6.5,,6.5,0.834,,ARC-AGI-2
124,o4-mini (Low),OpenAI,16.04.2025,CoT,21.3%,1.7%,,$0.050,,—,arc_agi_2,arc_agi_2:0124:o4_mini_low,o4-mini (Low),o4-mini (Low),2025-04-16,21.3,1.7,,1.7,0.05,,ARC-AGI-2
125,o4-mini (Medium),OpenAI,16.04.2025,CoT,41.8%,2.4%,,$0.231,,—,arc_agi_2,arc_agi_2:0125:o4_mini_medium,o4-mini (Medium),o4-mini (Medium),2025-04-16,41.8,2.4,,2.4,0.231,,ARC-AGI-2
126,o4-mini (High),OpenAI,16.04.2025,CoT,58.7%,6.1%,,$0.856,,—,arc_agi_2,arc_agi_2:0126:o4_mini_high,o4-mini (High),o4-mini (High),2025-04-16,58.7,6.1,,6.1,0.856,,ARC-AGI-2
127,GPT-4.1-Nano,OpenAI,14.04.2025,Base LLM,0.0%,0.0%,,$0.004,,📄💻,arc_agi_2,arc_agi_2:0127:gpt_4_1_nano,GPT-4.1-Nano,GPT-4.1-Nano,2025-04-14,0.0,0.0,,0.0,0.004,,ARC-AGI-2
128,GPT-4.1-Mini,OpenAI,14.04.2025,Base LLM,3.5%,0.0%,,$0.014,,📄💻,arc_agi_2,arc_agi_2:0128:gpt_4_1_mini,GPT-4.1-Mini,GPT-4.1-Mini,2025-04-14,3.5,0.0,,0.0,0.014,,ARC-AGI-2
129,GPT-4.1,OpenAI,14.04.2025,Base LLM,5.5%,0.4%,,$0.069,,📄💻,arc_agi_2,arc_agi_2:0129:gpt_4_1,GPT-4.1,GPT-4.1,2025-04-14,5.5,0.4,,0.4,0.069,,ARC-AGI-2
130,Llama 4 Maverick,Meta,05.04.2025,Base LLM,4.4%,0.0%,,$0.012,,📄💻,arc_agi_2,arc_agi_2:0130:llama_4_maverick,Llama 4 Maverick,Llama 4 Maverick,2025-04-05,4.4,0.0,,0.0,0.012,,ARC-AGI-2
131,Llama 4 Scout,Meta,05.04.2025,Base LLM,0.5%,0.0%,,$0.006,,📄💻,arc_agi_2,arc_agi_2:0131:llama_4_scout,Llama 4 Scout,Llama 4 Scout,2025-04-05,0.5,0.0,,0.0,0.006,,ARC-AGI-2
132,GPT-4.5,OpenAI,27.02.2025,Base LLM,10.3%,0.8%,,$2.10,,💻,arc_agi_2,arc_agi_2:0132:gpt_4_5,GPT-4.5,GPT-4.5,2025-02-27,10.3,0.8,,0.8,2.1,,ARC-AGI-2
133,Claude 3.7,Anthropic,24.02.2025,Base LLM,13.6%,0.0%,,$0.120,,💻,arc_agi_2,arc_agi_2:0133:claude_3_7,Claude 3.7,Claude 3.7,2025-02-24,13.6,0.0,,0.0,0.12,,ARC-AGI-2
134,Claude 3.7 (16K),Anthropic,24.02.2025,CoT,28.6%,0.7%,,$0.510,,💻,arc_agi_2,arc_agi_2:0134:claude_3_7_16k,Claude 3.7 (16K),Claude 3.7 (16K),2025-02-24,28.6,0.7,,0.7,0.51,,ARC-AGI-2
135,Claude 3.7 (1K),Anthropic,24.02.2025,CoT,11.6%,0.4%,,$0.140,,💻,arc_agi_2,arc_agi_2:0135:claude_3_7_1k,Claude 3.7 (1K),Claude 3.7 (1K),2025-02-24,11.6,0.4,,0.4,0.14,,ARC-AGI-2
136,Claude 3.7 (8K),Anthropic,24.02.2025,CoT,21.2%,0.9%,,$0.360,,💻,arc_agi_2,arc_agi_2:0136:claude_3_7_8k,Claude 3.7 (8K),Claude 3.7 (8K),2025-02-24,21.2,0.9,,0.9,0.36,,ARC-AGI-2
137,Grok 3,xAI,19.02.2025,Base LLM,5.5%,0.0%,,$0.142,,📄,arc_agi_2,arc_agi_2:0137:grok_3,Grok 3,Grok 3,2025-02-19,5.5,0.0,,0.0,0.142,,ARC-AGI-2
138,Grok 3 Mini (Low),xAI,19.02.2025,CoT,16.5%,0.4%,,$0.013,,📄,arc_agi_2,arc_agi_2:0138:grok_3_mini_low,Grok 3 Mini (Low),Grok 3 Mini (Low),2025-02-19,16.5,0.4,,0.4,0.013,,ARC-AGI-2
139,Gemini 2.5 Pro (Preview),Google,19.02.2025,CoT,33.0%,3.8%,,$0.813,,📄,arc_agi_2,arc_agi_2:0139:gemini_2_5_pro_preview,Gemini 2.5 Pro (Preview),Gemini 2.5 Pro (Preview),2025-02-19,33.0,3.8,,3.8,0.813,,ARC-AGI-2
140,Gemini 2.5 Pro (Preview - Thinking 1K),Google,19.02.2025,CoT,31.3%,3.4%,,$0.804,,📄,arc_agi_2,arc_agi_2:0140:gemini_2_5_pro_preview_thinking_1k,Gemini 2.5 Pro (Preview - Thinking 1K),Gemini 2.5 Pro (Preview - Thinking 1K),2025-02-19,31.3,3.4,,3.4,0.804,,ARC-AGI-2
141,Gemini 1.5 Pro,Google,15.02.2025,Base LLM,,0.8%,,$0.040,,💻,arc_agi_2,arc_agi_2:0141:gemini_1_5_pro,Gemini 1.5 Pro,Gemini 1.5 Pro,2025-02-15,,0.8,,0.8,0.04,,ARC-AGI-2
142,Gemini 2.0 Flash,Google,02.02.2025,Base LLM,,1.3%,,$0.004,,💻,arc_agi_2,arc_agi_2:0142:gemini_2_0_flash,Gemini 2.0 Flash,Gemini 2.0 Flash,2025-02-02,,1.3,,1.3,0.004,,ARC-AGI-2
143,o3-mini (Low),OpenAI,31.01.2025,CoT,14.5%,0.0%,,$0.062,,—,arc_agi_2,arc_agi_2:0143:o3_mini_low,o3-mini (Low),o3-mini (Low),2025-01-31,14.5,0.0,,0.0,0.062,,ARC-AGI-2
144,o3-mini (Medium),OpenAI,31.01.2025,CoT,22.3%,2.1%,,$0.284,,—,arc_agi_2,arc_agi_2:0144:o3_mini_medium,o3-mini (Medium),o3-mini (Medium),2025-01-31,22.3,2.1,,2.1,0.284,,ARC-AGI-2
145,o3-mini (High),OpenAI,31.01.2025,CoT,34.5%,3.0%,,$0.547,,—,arc_agi_2,arc_agi_2:0145:o3_mini_high,o3-mini (High),o3-mini (High),2025-01-31,34.5,3.0,,3.0,0.547,,ARC-AGI-2
146,Deepseek R1,Deepseek,22.01.2025,CoT,15.8%,1.3%,,$0.080,,💻,arc_agi_2,arc_agi_2:0146:deepseek_r1,Deepseek R1,Deepseek R1,2025-01-22,15.8,1.3,,1.3,0.08,,ARC-AGI-2
147,o3 (Preview - Low) ¹,OpenAI,20.12.2024,CoT + Synthesis,75.7%,4.0%,,$200.00,,📄,arc_agi_2,arc_agi_2:0147:o3_preview_low_1,o3 (Preview - Low) ¹,o3 (Preview - Low) ¹,2024-12-20,75.7,4.0,,4.0,200.0,,ARC-AGI-2
148,GPT-4o,OpenAI,20.11.2024,Base LLM,4.5%,0.0%,,$0.080,,💻,arc_agi_2,arc_agi_2:0148:gpt_4o,GPT-4o,GPT-4o,2024-11-20,4.5,0.0,,0.0,0.08,,ARC-AGI-2
149,ARChitects,ARC Prize 2024,03.11.2024,Custom,56.0%,2.5%,,$0.200,,📄💻,arc_agi_2,arc_agi_2:0149:architects,ARChitects,ARChitects,2024-11-03,56.0,2.5,,2.5,0.2,,ARC-AGI-2
150,NVARC,ARC Prize 2025,03.11.2024,Custom,,27.6%,,$0.200,,📄💻,arc_agi_2,arc_agi_2:0150:nvarc,NVARC,NVARC,2024-11-03,,27.6,,27.6,0.2,,ARC-AGI-2
151,o1-mini,OpenAI,12.09.2024,CoT,14.0%,0.8%,,$0.191,,📄💻,arc_agi_2,arc_agi_2:0151:o1_mini,o1-mini,o1-mini,2024-09-12,14.0,0.8,,0.8,0.191,,ARC-AGI-2
152,GPT-4o-mini,OpenAI,18.07.2024,Base LLM,,0.0%,,$0.010,,💻,arc_agi_2,arc_agi_2:0152:gpt_4o_mini,GPT-4o-mini,GPT-4o-mini,2024-07-18,,0.0,,0.0,0.01,,ARC-AGI-2
153,Icecuber,ARC Prize 2024,03.11.2023,Custom,17.0%,1.6%,,$0.130,,💻,arc_agi_2,arc_agi_2:0153:icecuber,Icecuber,Icecuber,2023-11-03,17.0,1.6,,1.6,0.13,,ARC-AGI-2
154,Human Panel,Human,,,98.0%,100.0%,,$17.00,,—,arc_agi_2,arc_agi_2:0154:human_panel,Human Panel,Human Panel,,98.0,100.0,,100.0,17.0,,ARC-AGI-2
155,Avg. Mturker,Human,,,77.0%,,,$3.00,,—,arc_agi_2,arc_agi_2:0155:avg_mturker,Avg. Mturker,Avg. Mturker,,77.0,,,,3.0,,ARC-AGI-2
156,Stem Grad,Human,,,98.0%,,,$10.00,,—,arc_agi_2,arc_agi_2:0156:stem_grad,Stem Grad,Stem Grad,,98.0,,,,10.0,,ARC-AGI-2
